,age,workclass,education,education-num,marital-status,occupation,relationship,ethnicity,gender,capital-gain,capital-loss,hours-per-week,loan
0,39, State-gov, Bachelors,13, Never-married, Adm-clerical, Not-in-family, White, Male,2174,0,40, <=50K
1,50, Self-emp-not-inc, Bachelors,13, Married-civ-spouse, Exec-managerial, Husband, White, Male,0,0,13, <=50K
2,38, Private, HS-grad,9, Divorced, Handlers-cleaners, Not-in-family, White, Male,0,0,40, <=50K
3,53, Private, 11th,7, Married-civ-spouse, Handlers-cleaners, Husband, Black, Male,0,0,40, <=50K
4,28, Private, Bachelors,13, Married-civ-spouse, Prof-specialty, Wife, Black, Female,0,0,40, <=50K
5,37, Private, Masters,14, Married-civ-spouse, Exec-managerial, Wife, White, Female,0,0,40, <=50K
6,49, Private, 9th,5, Married-spouse-absent, Other-service, Not-in-family, Black, Female,0,0,16, <=50K
7,52, Self-emp-not-inc, HS-grad,9, Married-civ-spouse, Exec-managerial, Husband, White, Male,0,0,45, >50K
8,31, Private, Masters,14, Never-married, Prof-specialty, Not-in-family, White, Female,14084,0,50, >50K
9,42, Private, Bachelors,13, Married-civ-spouse, Exec-managerial, Husband, White, Male,5178,0,40, >50K
10,37, Private, Some-college,10, Married-civ-spouse, Exec-managerial, Husband, Black, Male,0,0,80, >50K
11,30, State-gov, Bachelors,13, Married-civ-spouse, Prof-specialty, Husband, Asian-Pac-Islander, Male,0,0,40, >50K
12,23, Private, Bachelors,13, Never-married, Adm-clerical, Own-child, White, Female,0,0,30, <=50K
13,32, Private, Assoc-acdm,12, Never-married, Sales, Not-in-family, Black, Male,0,0,50, <=50K
14,40, Private, Assoc-voc,11, Married-civ-spouse, Craft-repair, Husband, Asian-Pac-Islander, Male,0,0,40, >50K
15,34, Private, 7th-8th,4, Married-civ-spouse, Transport-moving, Husband, Amer-Indian-Eskimo, Male,0,0,45, <=50K
16,25, Self-emp-not-inc, HS-grad,9, Never-married, Farming-fishing, Own-child, White, Male,0,0,35, <=50K
17,32, Private, HS-grad,9, Never-married, Machine-op-inspct, Unmarried, White, Male,0,0,40, <=50K
18,38, Private, 11th,7, Married-civ-spouse, Sales, Husband, White, Male,0,0,50, <=50K
19,43, Self-emp-not-inc, Masters,14, Divorced, Exec-managerial, Unmarried, White, Female,0,0,45, >50K
20,40, Private, Doctorate,16, Married-civ-spouse, Prof-specialty, Husband, White, Male,0,0,60, >50K
21,54, Private, HS-grad,9, Separated, Other-service, Unmarried, Black, Female,0,0,20, <=50K
22,35, Federal-gov, 9th,5, Married-civ-spouse, Farming-fishing, Husband, Black, Male,0,0,40, <=50K
23,43, Private, 11th,7, Married-civ-spouse, Transport-moving, Husband, White, Male,0,2042,40, <=50K
24,59, Private, HS-grad,9, Divorced, Tech-support, Unmarried, White, Female,0,0,40, <=50K
25,56, Local-gov, Bachelors,13, Married-civ-spouse, Tech-support, Husband, White, Male,0,0,40, >50K
26,19, Private, HS-grad,9, Never-married, Craft-repair, Own-child, White, Male,0,0,40, <=50K
27,54, ?, Some-college,10, Married-civ-spouse, ?, Husband, Asian-Pac-Islander, Male,0,0,60, >50K
28,39, Private, HS-grad,9, Divorced, Exec-managerial, Not-in-family, White, Male,0,0,80, <=50K
29,49, Private, HS-grad,9, Married-civ-spouse, Craft-repair, Husband, White, Male,0,0,40, <=50K
30,23, Local-gov, Assoc-acdm,12, Never-married, Protective-serv, Not-in-family, White, Male,0,0,52, <=50K
31,20, Private, Some-college,10, Never-married, Sales, Own-child, Black, Male,0,0,44, <=50K
32,45, Private, Bachelors,13, Divorced, Exec-managerial, Own-child, White, Male,0,1408,40, <=50K
33,30, Federal-gov, Some-college,10, Married-civ-spouse, Adm-clerical, Own-child, White, Male,0,0,40, <=50K
34,22, State-gov, Some-college,10, Married-civ-spouse, Other-service, Husband, Black, Male,0,0,15, <=50K
35,48, Private, 11th,7, Never-married, Machine-op-inspct, Unmarried, White, Male,0,0,40, <=50K
36,21, Private, Some-college,10, Never-married, Machine-op-inspct, Own-child, White, Male,0,0,40, <=50K
37,19, Private, HS-grad,9, Married-AF-spouse, Adm-clerical, Wife, White, Female,0,0,25, <=50K
38,31, Private, Some-college,10, Married-civ-spouse, Sales, Husband, White, Male,0,0,38, >50K
39,48, Self-emp-not-inc, Assoc-acdm,12, Married-civ-spouse, Prof-specialty, Husband, White, Male,0,0,40, <=50K
40,31, Private, 9th,5, Married-civ-spouse, Machine-op-inspct, Husband, White, Male,0,0,43, <=50K
41,53, Self-emp-not-inc, Bachelors,13, Married-civ-spouse, Prof-specialty, Husband, White, Male,0,0,40, <=50K
42,24, Private, Bachelors,13, Married-civ-spouse, Tech-support, Husband, White, Male,0,0,50, <=50K
43,49, Private, HS-grad,9, Separated, Adm-clerical, Unmarried, White, Female,0,0,40, <=50K
44,25, Private, HS-grad,9, Never-married, Handlers-cleaners, Not-in-family, White, Male,0,0,35, <=50K
45,57, Federal-gov, Bachelors,13, Married-civ-spouse, Prof-specialty, Husband, Black, Male,0,0,40, >50K
46,53, Private, HS-grad,9, Married-civ-spouse, Machine-op-inspct, Husband, White, Male,0,0,38, <=50K
47,44, Private, Masters,14, Divorced, Exec-managerial, Unmarried, White, Female,0,0,40, <=50K
48,41, State-gov, Assoc-voc,11, Married-civ-spouse, Craft-repair, Husband, White, Male,0,0,40, <=50K
49,29, Private, Assoc-voc,11, Never-married, Prof-specialty, Not-in-family, White, Male,0,0,43, <=50K
50,25, Private, Some-college,10, Married-civ-spouse, Exec-managerial, Wife, Other, Female,0,0,40, <=50K
51,18, Private, HS-grad,9, Never-married, Other-service, Own-child, White, Female,0,0,30, <=50K
52,47, Private, Prof-school,15, Married-civ-spouse, Prof-specialty, Wife, White, Female,0,1902,60, >50K
53,50, Federal-gov, Bachelors,13, Divorced, Exec-managerial, Not-in-family, White, Male,0,0,55, >50K
54,47, Self-emp-inc, HS-grad,9, Divorced, Exec-managerial, Not-in-family, White, Male,0,0,60, <=50K
55,43, Private, Some-college,10, Married-civ-spouse, Tech-support, Husband, White, Male,0,0,40, >50K
56,46, Private, 5th-6th,3, Married-civ-spouse, Machine-op-inspct, Husband, White, Male,0,0,40, <=50K
57,35, Private, Assoc-voc,11, Married-civ-spouse, Other-service, Husband, White, Male,0,0,40, <=50K
58,41, Private, HS-grad,9, Married-civ-spouse, Adm-clerical, Husband, White, Male,0,0,48, <=50K
59,30, Private, HS-grad,9, Married-civ-spouse, Machine-op-inspct, Husband, White, Male,5013,0,40, <=50K
60,30, Private, Bachelors,13, Married-civ-spouse, Sales, Husband, White, Male,2407,0,40, <=50K
61,32, ?, 7th-8th,4, Married-spouse-absent, ?, Not-in-family, White, Male,0,0,40, <=50K
62,48, Private, HS-grad,9, Married-civ-spouse, Transport-moving, Husband, White, Male,0,0,40, <=50K
63,42, Private, Doctorate,16, Married-civ-spouse, Prof-specialty, Husband, White, Male,0,0,45, >50K
64,29, Private, Some-college,10, Divorced, Tech-support, Not-in-family, White, Male,0,0,58, <=50K
65,36, Private, HS-grad,9, Married-civ-spouse, Craft-repair, Husband, White, Male,0,0,40, <=50K
66,28, Private, Some-college,10, Divorced, Adm-clerical, Not-in-family, White, Female,0,0,40, <=50K
67,53, Private, HS-grad,9, Married-civ-spouse, Adm-clerical, Wife, White, Female,0,0,40, >50K
68,49, Self-emp-inc, Some-college,10, Married-civ-spouse, Exec-managerial, Husband, White, Male,0,0,50, >50K
69,25, ?, Some-college,10, Never-married, ?, Own-child, White, Male,0,0,40, <=50K
70,19, Private, Some-college,10, Never-married, Prof-specialty, Own-child, White, Male,0,0,32, <=50K
71,31, Private, Bachelors,13, Separated, Sales, Own-child, Black, Female,0,0,40, <=50K
72,29, Self-emp-not-inc, Bachelors,13, Married-civ-spouse, Sales, Husband, White, Male,0,0,70, >50K
73,23, Private, Some-college,10, Never-married, Machine-op-inspct, Not-in-family, White, Male,0,0,40, <=50K
74,79, Private, Some-college,10, Married-civ-spouse, Prof-specialty, Other-relative, White, Male,0,0,20, <=50K
75,27, Private, HS-grad,9, Never-married, Other-service, Own-child, White, Male,0,0,40, <=50K
76,40, Private, Assoc-acdm,12, Married-civ-spouse, Adm-clerical, Husband, White, Male,0,0,40, <=50K
77,67, ?, 10th,6, Married-civ-spouse, ?, Husband, White, Male,0,0,2, <=50K
78,18, Private, 11th,7, Never-married, Other-service, Own-child, White, Female,0,0,22, <=50K
79,31, Local-gov, 7th-8th,4, Married-civ-spouse, Farming-fishing, Husband, White, Male,0,0,40, <=50K
80,18, Private, HS-grad,9, Never-married, Sales, Not-in-family, White, Male,0,0,30, <=50K
81,52, Private, Bachelors,13, Married-civ-spouse, Other-service, Husband, White, Male,0,0,40, <=50K
82,46, Private, HS-grad,9, Married-civ-spouse, Other-service, Wife, White, Female,0,0,40, <=50K
83,59, Private, HS-grad,9, Married-civ-spouse, Sales, Husband, White, Male,0,0,48, <=50K
84,44, Private, HS-grad,9, Divorced, Craft-repair, Not-in-family, White, Female,14344,0,40, >50K
85,53, Private, HS-grad,9, Divorced, Sales, Own-child, White, Female,0,0,35, <=50K
86,49, Local-gov, HS-grad,9, Married-civ-spouse, Protective-serv, Husband, White, Male,0,0,40, >50K
87,33, Private, Masters,14, Married-civ-spouse, Prof-specialty, Husband, White, Male,0,0,50, <=50K
88,30, Private, 9th,5, Never-married, Sales, Not-in-family, White, Male,0,0,40, <=50K
89,43, Federal-gov, Doctorate,16, Never-married, Prof-specialty, Not-in-family, White, Female,0,0,50, >50K
90,57, Private, Assoc-voc,11, Married-civ-spouse, Prof-specialty, Husband, White, Male,0,0,40, <=50K
91,37, Private, Some-college,10, Divorced, Craft-repair, Unmarried, White, Female,0,0,40, <=50K
92,28, Private, Some-college,10, Divorced, Machine-op-inspct, Unmarried, Black, Female,0,0,25, <=50K
93,30, Private, HS-grad,9, Married-civ-spouse, Sales, Wife, Asian-Pac-Islander, Female,0,1573,35, <=50K
94,34, Local-gov, Bachelors,13, Married-civ-spouse, Protective-serv, Husband, White, Male,0,0,40, >50K
95,29, Local-gov, Some-college,10, Never-married, Handlers-cleaners, Not-in-family, White, Male,0,0,50, <=50K
96,48, Self-emp-not-inc, Doctorate,16, Married-civ-spouse, Prof-specialty, Husband, White, Male,0,1902,60, >50K
97,37, Private, Some-college,10, Married-civ-spouse, Sales, Husband, White, Male,0,0,48, >50K
98,48, Private, Assoc-acdm,12, Divorced, Exec-managerial, Unmarried, White, Female,0,0,40, <=50K
99,32, Federal-gov, HS-grad,9, Never-married, Other-service, Own-child, Black, Male,0,0,40, <=50K
100,76, Private, Masters,14, Married-civ-spouse, Exec-managerial, Husband, White, Male,0,0,40, >50K
101,44, Private, Bachelors,13, Married-civ-spouse, Exec-managerial, Husband, White, Male,15024,0,60, >50K
102,47, Self-emp-not-inc, Masters,14, Never-married, Prof-specialty, Not-in-family, White, Female,0,0,50, <=50K
103,20, Private, Some-college,10, Never-married, Tech-support, Own-child, White, Female,0,0,40, <=50K
104,29, Private, HS-grad,9, Never-married, Craft-repair, Not-in-family, White, Male,0,0,40, <=50K
105,32, Self-emp-inc, HS-grad,9, Married-civ-spouse, Craft-repair, Husband, White, Male,7688,0,40, >50K
106,17, ?, 10th,6, Never-married, ?, Own-child, White, Female,34095,0,32, <=50K
107,30, Private, 11th,7, Never-married, Handlers-cleaners, Own-child, White, Male,0,0,40, <=50K
108,31, Local-gov, HS-grad,9, Never-married, Adm-clerical, Not-in-family, White, Female,0,0,40, <=50K
109,42, Private, HS-grad,9, Married-civ-spouse, Handlers-cleaners, Husband, White, Male,0,0,40, <=50K
110,24, Private, Bachelors,13, Never-married, Sales, Other-relative, White, Male,0,0,40, <=50K
111,38, Private, Prof-school,15, Married-civ-spouse, Prof-specialty, Husband, White, Male,0,0,40, >50K
112,56, Self-emp-not-inc, HS-grad,9, Married-civ-spouse, Other-service, Husband, White, Male,0,1887,50, >50K
113,28, Private, Some-college,10, Married-civ-spouse, Sales, Wife, White, Female,4064,0,25, <=50K
114,36, Private, HS-grad,9, Never-married, Machine-op-inspct, Own-child, White, Female,0,0,40, <=50K
115,53, Private, 9th,5, Married-civ-spouse, Handlers-cleaners, Husband, White, Male,0,0,50, <=50K
116,56, Self-emp-inc, Some-college,10, Married-civ-spouse, Sales, Husband, White, Male,0,0,50, <=50K
117,49, Local-gov, Assoc-voc,11, Married-civ-spouse, Craft-repair, Husband, Black, Male,0,0,40, >50K
118,55, Private, Some-college,10, Married-civ-spouse, Sales, Husband, White, Male,0,0,56, <=50K
119,22, Private, HS-grad,9, Never-married, Craft-repair, Not-in-family, White, Male,0,0,41, <=50K
120,21, Private, Some-college,10, Never-married, Other-service, Own-child, White, Female,0,0,40, <=50K
121,40, Private, Bachelors,13, Married-civ-spouse, Exec-managerial, Husband, White, Male,0,0,60, <=50K
122,30, Private, Bachelors,13, Never-married, Exec-managerial, Own-child, Black, Male,0,0,40, <=50K
123,29, State-gov, Bachelors,13, Married-civ-spouse, Prof-specialty, Husband, White, Male,0,0,50, >50K
124,19, Private, Some-college,10, Never-married, Other-service, Own-child, Black, Male,0,0,35, <=50K
125,47, Private, Bachelors,13, Married-civ-spouse, Exec-managerial, Wife, White, Female,0,0,40, >50K
126,20, Private, Some-college,10, Never-married, Adm-clerical, Own-child, White, Female,0,1719,28, <=50K
127,31, Private, Assoc-acdm,12, Married-civ-spouse, Adm-clerical, Husband, White, Male,0,0,40, >50K
128,35, ?, HS-grad,9, Married-civ-spouse, ?, Husband, White, Male,0,0,40, <=50K
129,39, Private, Some-college,10, Divorced, Craft-repair, Not-in-family, White, Male,0,0,40, <=50K
130,28, Private, Assoc-acdm,12, Never-married, Sales, Not-in-family, White, Female,0,0,60, <=50K
131,24, Private, HS-grad,9, Never-married, Other-service, Not-in-family, White, Female,0,1762,40, <=50K
132,38, Self-emp-not-inc, HS-grad,9, Married-civ-spouse, Craft-repair, Husband, White, Male,4386,0,35, <=50K
133,37, Private, Bachelors,13, Married-civ-spouse, Sales, Husband, White, Male,0,0,50, <=50K
134,46, Private, Assoc-acdm,12, Divorced, Tech-support, Not-in-family, Black, Female,0,0,36, <=50K
135,38, Federal-gov, Masters,14, Married-civ-spouse, Prof-specialty, Husband, White, Male,0,0,40, >50K
136,43, Self-emp-not-inc, HS-grad,9, Married-civ-spouse, Craft-repair, Husband, White, Male,0,0,60, <=50K
137,27, Private, Assoc-voc,11, Married-civ-spouse, Adm-clerical, Wife, White, Female,0,0,35, <=50K
138,20, Private, Some-college,10, Never-married, Sales, Own-child, White, Male,0,0,20, <=50K
139,49, Private, Some-college,10, Married-civ-spouse, Craft-repair, Husband, Asian-Pac-Islander, Male,0,0,40, >50K
140,61, Self-emp-inc, HS-grad,9, Married-civ-spouse, Craft-repair, Husband, White, Male,0,0,40, <=50K
141,27, Private, Some-college,10, Never-married, Sales, Own-child, White, Female,0,0,40, <=50K
142,19, Private, Some-college,10, Never-married, Other-service, Own-child, White, Male,0,0,30, <=50K
143,45, Private, Assoc-voc,11, Never-married, Prof-specialty, Not-in-family, White, Female,0,1564,40, >50K
144,70, Private, Some-college,10, Never-married, Tech-support, Other-relative, White, Male,0,0,40, <=50K
145,31, Private, HS-grad,9, Never-married, Transport-moving, Unmarried, Black, Female,0,0,30, <=50K
146,22, Private, Some-college,10, Married-civ-spouse, Other-service, Husband, White, Male,0,0,24, <=50K
147,36, Private, HS-grad,9, Widowed, Other-service, Unmarried, White, Female,0,0,24, <=50K
148,64, Private, 11th,7, Married-civ-spouse, Craft-repair, Husband, White, Male,0,2179,40, <=50K
149,43, ?, Some-college,10, Divorced, ?, Not-in-family, White, Female,0,0,40, <=50K
150,47, Local-gov, Some-college,10, Divorced, Adm-clerical, Unmarried, White, Female,0,0,38, <=50K
151,34, Private, HS-grad,9, Never-married, Adm-clerical, Not-in-family, White, Female,0,0,40, <=50K
152,33, Private, Bachelors,13, Never-married, Exec-managerial, Other-relative, Asian-Pac-Islander, Female,0,0,40, <=50K
153,21, Private, HS-grad,9, Never-married, Craft-repair, Own-child, White, Male,0,0,35, <=50K
154,52, ?, HS-grad,9, Divorced, ?, Not-in-family, White, Male,0,0,45, >50K
155,48, Private, HS-grad,9, Married-civ-spouse, Craft-repair, Husband, White, Male,0,0,46, <=50K
156,23, Private, Bachelors,13, Never-married, Handlers-cleaners, Not-in-family, White, Male,0,0,40, <=50K
157,71, Self-emp-not-inc, Some-college,10, Separated, Sales, Unmarried, Black, Male,0,1816,2, <=50K
158,29, Private, HS-grad,9, Divorced, Craft-repair, Not-in-family, White, Male,0,0,60, <=50K
159,42, Private, Bachelors,13, Separated, Other-service, Other-relative, Black, Male,0,0,50, <=50K
160,68, ?, 1st-4th,2, Divorced, ?, Not-in-family, White, Female,0,0,20, <=50K
161,25, Private, HS-grad,9, Never-married, Other-service, Unmarried, White, Female,0,0,40, <=50K
162,44, Self-emp-inc, Masters,14, Divorced, Exec-managerial, Unmarried, Asian-Pac-Islander, Female,0,0,40, <=50K
163,28, Private, HS-grad,9, Never-married, Exec-managerial, Not-in-family, Asian-Pac-Islander, Female,0,0,40, <=50K
164,45, Self-emp-not-inc, Masters,14, Married-civ-spouse, Sales, Husband, White, Male,0,0,40, >50K
165,36, Private, Some-college,10, Divorced, Other-service, Unmarried, White, Female,0,0,40, <=50K
166,39, Federal-gov, Assoc-acdm,12, Never-married, Exec-managerial, Not-in-family, White, Male,0,0,42, <=50K
167,46, State-gov, Masters,14, Widowed, Protective-serv, Unmarried, White, Male,0,0,40, <=50K
168,18, Private, 11th,7, Never-married, Handlers-cleaners, Own-child, White, Male,0,0,16, <=50K
169,66, Local-gov, Assoc-voc,11, Widowed, Prof-specialty, Not-in-family, White, Female,0,0,20, <=50K
170,27, Private, HS-grad,9, Never-married, Other-service, Not-in-family, White, Male,0,1980,40, <=50K
171,28, State-gov, HS-grad,9, Married-civ-spouse, Protective-serv, Husband, White, Male,0,0,40, <=50K
172,51, Private, Some-college,10, Married-civ-spouse, Sales, Husband, White, Male,0,1977,40, >50K
173,27, Private, Bachelors,13, Never-married, Craft-repair, Not-in-family, White, Male,0,0,50, <=50K
174,28, State-gov, Bachelors,13, Married-civ-spouse, Prof-specialty, Husband, White, Male,0,0,40, >50K
175,27, Private, HS-grad,9, Married-spouse-absent, Sales, Unmarried, White, Female,0,0,25, <=50K
176,21, Private, HS-grad,9, Never-married, Craft-repair, Own-child, Black, Male,0,0,40, <=50K
177,34, Private, HS-grad,9, Never-married, Handlers-cleaners, Not-in-family, Black, Male,0,0,40, <=50K
178,18, Private, HS-grad,9, Never-married, Other-service, Own-child, White, Male,0,0,12, <=50K
179,33, Private, Bachelors,13, Married-civ-spouse, Prof-specialty, Husband, White, Male,0,0,65, <=50K
180,44, Local-gov, Some-college,10, Married-civ-spouse, Exec-managerial, Husband, Black, Male,0,0,38, >50K
181,43, Private, Some-college,10, Divorced, Adm-clerical, Not-in-family, White, Female,0,0,40, <=50K
182,30, Private, Some-college,10, Never-married, Craft-repair, Not-in-family, Black, Male,0,0,45, <=50K
183,40, Private, 7th-8th,4, Married-civ-spouse, Machine-op-inspct, Husband, White, Male,0,0,40, >50K
184,37, Federal-gov, Some-college,10, Married-civ-spouse, Adm-clerical, Husband, White, Male,0,0,42, >50K
185,34, Private, HS-grad,9, Married-civ-spouse, Adm-clerical, Husband, Black, Male,0,0,40, <=50K
186,41, Self-emp-not-inc, Bachelors,13, Divorced, Exec-managerial, Not-in-family, White, Female,0,0,40, <=50K
187,53, ?, Bachelors,13, Divorced, ?, Not-in-family, White, Female,0,0,50, <=50K
188,31, Private, Masters,14, Married-civ-spouse, Prof-specialty, Wife, White, Female,0,0,50, <=50K
189,58, State-gov, Doctorate,16, Married-civ-spouse, Prof-specialty, Husband, White, Male,0,0,1, >50K
190,38, Private, Some-college,10, Divorced, Machine-op-inspct, Not-in-family, Black, Female,0,0,28, <=50K
191,24, Private, Some-college,10, Married-civ-spouse, Machine-op-inspct, Husband, White, Male,0,0,40, <=50K
192,41, Local-gov, Bachelors,13, Married-civ-spouse, Craft-repair, Husband, Black, Male,0,0,40, <=50K
193,47, Private, Some-college,10, Married-civ-spouse, Tech-support, Husband, White, Male,0,0,45, <=50K
194,41, Federal-gov, Bachelors,13, Married-civ-spouse, Tech-support, Husband, White, Male,0,0,24, <=50K
195,23, Private, 5th-6th,3, Married-civ-spouse, Transport-moving, Other-relative, White, Male,0,0,40, <=50K
196,36, Private, Some-college,10, Divorced, Craft-repair, Not-in-family, White, Male,0,0,40, <=50K
197,40, Federal-gov, Masters,14, Never-married, Exec-managerial, Not-in-family, White, Female,14084,0,55, >50K
198,35, Private, Masters,14, Married-civ-spouse, Prof-specialty, Other-relative, White, Male,7298,0,40, >50K
199,24, Self-emp-not-inc, HS-grad,9, Never-married, Sales, Not-in-family, White, Male,0,0,40, <=50K
200,26, Private, Masters,14, Never-married, Prof-specialty, Not-in-family, White, Female,0,1876,40, <=50K
201,19, ?, HS-grad,9, Never-married, ?, Own-child, White, Male,0,0,40, <=50K
202,51, Private, Bachelors,13, Married-civ-spouse, Exec-managerial, Husband, White, Male,0,0,50, >50K
203,42, Local-gov, Some-college,10, Never-married, Prof-specialty, Not-in-family, White, Female,0,1340,40, <=50K
204,37, State-gov, HS-grad,9, Divorced, Adm-clerical, Unmarried, White, Female,0,0,35, <=50K
205,18, Private, 11th,7, Never-married, Sales, Own-child, White, Female,0,0,40, <=50K
206,36, Private, Bachelors,13, Married-civ-spouse, Other-service, Husband, Black, Male,7298,0,36, >50K
207,35, Private, HS-grad,9, Divorced, Craft-repair, Not-in-family, White, Male,0,0,60, <=50K
208,58, Self-emp-inc, HS-grad,9, Married-civ-spouse, Sales, Wife, White, Female,15024,0,35, >50K
209,17, Private, 11th,7, Never-married, Sales, Own-child, White, Female,0,0,12, <=50K
210,44, Local-gov, HS-grad,9, Married-civ-spouse, Transport-moving, Husband, Black, Male,0,0,40, <=50K
211,37, Private, HS-grad,9, Married-civ-spouse, Craft-repair, Husband, White, Male,0,0,40, >50K
212,35, Private, Some-college,10, Never-married, Sales, Not-in-family, Amer-Indian-Eskimo, Female,0,0,40, <=50K
213,60, Private, HS-grad,9, Married-civ-spouse, Craft-repair, Husband, Asian-Pac-Islander, Male,0,0,40, <=50K
214,54, Self-emp-inc, 7th-8th,4, Married-civ-spouse, Machine-op-inspct, Husband, White, Male,0,0,40, >50K
215,37, Private, Bachelors,13, Never-married, Exec-managerial, Not-in-family, Black, Male,0,0,60, >50K
216,50, Private, Assoc-acdm,12, Divorced, Sales, Not-in-family, White, Female,0,0,40, <=50K
217,38, Private, Bachelors,13, Married-civ-spouse, Sales, Husband, White, Male,0,0,50, <=50K
218,45, Private, Bachelors,13, Married-civ-spouse, Prof-specialty, Husband, White, Male,0,0,55, <=50K
219,25, Private, 10th,6, Never-married, Craft-repair, Not-in-family, White, Male,0,0,40, <=50K
220,31, Private, Some-college,10, Married-civ-spouse, Handlers-cleaners, Husband, White, Male,0,0,40, <=50K
221,64, ?, 1st-4th,2, Divorced, ?, Not-in-family, White, Male,0,0,40, <=50K
222,90, Private, HS-grad,9, Never-married, Other-service, Not-in-family, Black, Male,0,2206,40, <=50K
223,54, Private, HS-grad,9, Married-civ-spouse, Adm-clerical, Husband, Black, Male,0,0,20, <=50K
224,53, Local-gov, Preschool,1, Never-married, Machine-op-inspct, Not-in-family, White, Female,0,0,35, <=50K
225,18, Private, HS-grad,9, Never-married, Sales, Own-child, White, Female,0,0,40, <=50K
226,60, ?, 10th,6, Divorced, ?, Not-in-family, Amer-Indian-Eskimo, Female,0,0,10, <=50K
227,66, Self-emp-not-inc, HS-grad,9, Married-civ-spouse, Farming-fishing, Husband, White, Male,1409,0,50, <=50K
228,75, Private, Assoc-voc,11, Widowed, Adm-clerical, Not-in-family, White, Female,0,0,20, <=50K
229,65, Private, HS-grad,9, Divorced, Adm-clerical, Not-in-family, White, Female,0,0,40, <=50K
230,35, Private, 11th,7, Separated, Transport-moving, Not-in-family, Black, Male,3674,0,40, <=50K
231,41, Private, HS-grad,9, Divorced, Sales, Unmarried, Black, Female,0,0,38, <=50K
232,25, Private, Some-college,10, Never-married, Adm-clerical, Not-in-family, White, Male,0,0,42, <=50K
233,33, Private, Some-college,10, Divorced, Craft-repair, Other-relative, Other, Female,0,0,40, <=50K
234,28, Private, Prof-school,15, Never-married, Prof-specialty, Not-in-family, White, Male,0,0,55, >50K
235,59, State-gov, HS-grad,9, Married-civ-spouse, Other-service, Husband, White, Male,0,0,40, <=50K
236,40, State-gov, Some-college,10, Never-married, Adm-clerical, Not-in-family, White, Female,0,0,38, <=50K
237,41, Private, Bachelors,13, Married-civ-spouse, Exec-managerial, Husband, White, Male,0,0,50, >50K
238,38, Local-gov, Masters,14, Married-civ-spouse, Exec-managerial, Husband, White, Male,0,0,70, >50K
239,23, Private, HS-grad,9, Never-married, Transport-moving, Own-child, White, Male,0,0,40, <=50K
240,40, Private, Bachelors,13, Married-civ-spouse, Prof-specialty, Husband, White, Male,0,0,40, >50K
241,41, Self-emp-not-inc, HS-grad,9, Married-civ-spouse, Other-service, Wife, White, Female,0,0,20, <=50K
242,24, State-gov, Assoc-acdm,12, Married-civ-spouse, Protective-serv, Husband, White, Male,0,0,50, <=50K
243,20, ?, Some-college,10, Never-married, ?, Own-child, White, Male,0,0,20, <=50K
244,38, Private, Some-college,10, Divorced, Craft-repair, Not-in-family, White, Male,0,1741,40, <=50K
245,56, Private, HS-grad,9, Married-civ-spouse, Adm-clerical, Husband, White, Male,0,0,35, <=50K
246,58, Private, HS-grad,9, Married-civ-spouse, Adm-clerical, Husband, White, Male,0,0,45, >50K
247,32, Private, HS-grad,9, Never-married, Other-service, Not-in-family, White, Female,0,0,34, <=50K
248,40, Private, Assoc-acdm,12, Married-civ-spouse, Tech-support, Husband, White, Male,0,1977,60, >50K
249,45, Private, HS-grad,9, Married-civ-spouse, Adm-clerical, Husband, White, Male,0,0,40, <=50K
250,41, Private, Prof-school,15, Married-civ-spouse, Prof-specialty, Wife, White, Female,0,0,40, >50K
251,42, Private, Bachelors,13, Married-civ-spouse, Adm-clerical, Wife, Black, Female,0,0,40, <=50K
252,59, Local-gov, 10th,6, Widowed, Other-service, Unmarried, Black, Female,0,0,30, <=50K
253,19, Local-gov, Some-college,10, Never-married, Adm-clerical, Own-child, White, Male,0,0,40, <=50K
254,58, Private, Some-college,10, Never-married, Transport-moving, Not-in-family, White, Male,0,0,20, <=50K
255,42, Self-emp-not-inc, HS-grad,9, Married-civ-spouse, Farming-fishing, Husband, Asian-Pac-Islander, Male,0,0,40, >50K
256,20, Private, HS-grad,9, Never-married, Other-service, Own-child, White, Female,0,0,40, <=50K
257,32, Private, HS-grad,9, Separated, Other-service, Not-in-family, White, Female,0,0,30, <=50K
258,45, Private, Assoc-voc,11, Widowed, Exec-managerial, Not-in-family, White, Female,0,0,45, <=50K
259,50, Private, 7th-8th,4, Divorced, Craft-repair, Not-in-family, White, Male,0,0,40, <=50K
260,36, Private, Bachelors,13, Divorced, Prof-specialty, Own-child, White, Female,0,0,40, <=50K
261,45, Private, HS-grad,9, Married-civ-spouse, Sales, Husband, White, Male,0,0,60, <=50K
262,17, Private, 11th,7, Never-married, Other-service, Own-child, White, Male,0,0,12, <=50K
263,59, Private, Some-college,10, Married-civ-spouse, Sales, Husband, White, Male,4064,0,40, <=50K
264,26, Private, 11th,7, Married-civ-spouse, Craft-repair, Husband, White, Male,0,0,40, <=50K
265,37, Self-emp-inc, Some-college,10, Married-civ-spouse, Exec-managerial, Husband, Asian-Pac-Islander, Male,0,0,75, >50K
266,19, ?, Some-college,10, Never-married, ?, Own-child, White, Male,0,0,24, <=50K
267,64, Private, HS-grad,9, Married-civ-spouse, Exec-managerial, Husband, White, Male,0,0,40, >50K
268,33, Private, Bachelors,13, Never-married, Prof-specialty, Not-in-family, White, Female,0,0,45, <=50K
269,33, Private, HS-grad,9, Married-civ-spouse, Craft-repair, Wife, White, Female,0,0,40, >50K
270,61, Private, HS-grad,9, Married-civ-spouse, Exec-managerial, Husband, White, Male,0,0,40, >50K
271,17, Private, 9th,5, Never-married, Other-service, Own-child, White, Male,1055,0,24, <=50K
272,50, Self-emp-not-inc, Masters,14, Married-civ-spouse, Farming-fishing, Husband, White, Male,2407,0,98, <=50K
273,27, Local-gov, Masters,14, Never-married, Prof-specialty, Own-child, White, Male,0,0,35, <=50K
274,30, Private, HS-grad,9, Divorced, Prof-specialty, Own-child, White, Female,0,0,40, <=50K
275,43, Private, HS-grad,9, Married-civ-spouse, Handlers-cleaners, Husband, Black, Male,0,0,40, <=50K
276,44, Private, Some-college,10, Married-civ-spouse, Craft-repair, Husband, White, Male,7298,0,40, >50K
277,35, Private, Some-college,10, Never-married, Exec-managerial, Not-in-family, White, Female,0,0,40, <=50K
278,25, Private, Some-college,10, Never-married, Tech-support, Own-child, White, Female,0,0,40, <=50K
279,24, Private, Some-college,10, Married-civ-spouse, Machine-op-inspct, Wife, White, Female,7298,0,48, >50K
280,22, Private, Bachelors,13, Never-married, Prof-specialty, Not-in-family, White, Female,0,0,15, <=50K
281,42, Local-gov, Some-college,10, Married-civ-spouse, Craft-repair, Husband, White, Male,5178,0,40, >50K
282,34, Private, Assoc-acdm,12, Divorced, Sales, Unmarried, Black, Female,0,0,45, <=50K
283,60, Private, Bachelors,13, Divorced, Prof-specialty, Not-in-family, White, Female,0,0,42, <=50K
284,21, Private, HS-grad,9, Never-married, Handlers-cleaners, Own-child, White, Male,0,0,40, <=50K
285,57, Federal-gov, Masters,14, Married-civ-spouse, Sales, Husband, White, Male,15024,0,40, >50K
286,41, Private, Prof-school,15, Married-civ-spouse, Prof-specialty, Husband, White, Male,0,0,60, >50K
287,50, Private, Some-college,10, Divorced, Other-service, Not-in-family, White, Male,0,0,45, <=50K
288,25, Private, Bachelors,13, Never-married, Exec-managerial, Not-in-family, White, Female,0,0,40, <=50K
289,50, Private, 7th-8th,4, Married-civ-spouse, Craft-repair, Husband, White, Male,0,0,40, <=50K
290,36, Private, Bachelors,13, Married-civ-spouse, Prof-specialty, Husband, White, Male,0,0,45, <=50K
291,31, Private, HS-grad,9, Divorced, Prof-specialty, Not-in-family, White, Female,0,0,40, <=50K
292,29, Local-gov, Bachelors,13, Never-married, Protective-serv, Not-in-family, White, Male,0,0,56, <=50K
293,21, Private, Some-college,10, Never-married, Sales, Own-child, White, Male,0,0,45, <=50K
294,27, Private, Bachelors,13, Never-married, Tech-support, Unmarried, Black, Female,0,0,40, <=50K
295,65, Private, HS-grad,9, Married-civ-spouse, Transport-moving, Husband, White, Male,0,0,16, <=50K
296,37, Self-emp-inc, Bachelors,13, Divorced, Sales, Not-in-family, White, Female,0,0,60, <=50K
297,39, ?, Masters,14, Married-civ-spouse, ?, Wife, Asian-Pac-Islander, Female,3464,0,40, <=50K
298,24, Private, HS-grad,9, Never-married, Craft-repair, Own-child, White, Male,0,0,40, <=50K
299,38, Private, HS-grad,9, Divorced, Sales, Not-in-family, White, Male,0,0,80, <=50K
300,48, Private, Bachelors,13, Married-civ-spouse, Adm-clerical, Husband, White, Male,7688,0,40, >50K
301,21, Private, Some-college,10, Never-married, Other-service, Not-in-family, Asian-Pac-Islander, Female,0,0,25, <=50K
302,31, Private, HS-grad,9, Married-civ-spouse, Transport-moving, Husband, White, Male,0,0,45, >50K
303,55, Private, HS-grad,9, Married-civ-spouse, Sales, Husband, White, Male,4386,0,40, >50K
304,24, Private, Some-college,10, Married-civ-spouse, Adm-clerical, Wife, Asian-Pac-Islander, Female,0,0,40, <=50K
305,43, Private, HS-grad,9, Divorced, Adm-clerical, Not-in-family, White, Female,0,0,40, <=50K
306,26, Private, Assoc-acdm,12, Never-married, Tech-support, Not-in-family, White, Male,0,0,45, <=50K
307,46, Private, Assoc-acdm,12, Never-married, Prof-specialty, Not-in-family, White, Female,0,0,33, <=50K
308,35, Private, Assoc-acdm,12, Married-civ-spouse, Adm-clerical, Husband, White, Male,0,0,40, >50K
309,41, Self-emp-inc, Some-college,10, Married-civ-spouse, Farming-fishing, Husband, White, Male,0,0,54, >50K
310,26, Private, Bachelors,13, Never-married, Sales, Not-in-family, White, Male,0,0,40, <=50K
311,34, Private, Masters,14, Married-civ-spouse, Exec-managerial, Husband, Asian-Pac-Islander, Male,7298,0,35, >50K
312,19, ?, Some-college,10, Never-married, ?, Own-child, Black, Female,0,0,25, <=50K
313,36, Self-emp-not-inc, Bachelors,13, Divorced, Prof-specialty, Not-in-family, Black, Female,0,0,40, >50K
314,22, Private, Some-college,10, Never-married, Sales, Own-child, White, Male,0,0,15, <=50K
315,24, Private, Some-college,10, Never-married, Machine-op-inspct, Not-in-family, White, Male,0,0,40, <=50K
316,77, Self-emp-not-inc, Some-college,10, Married-civ-spouse, Sales, Husband, White, Male,0,0,40, <=50K
317,22, Private, 5th-6th,3, Married-civ-spouse, Machine-op-inspct, Other-relative, White, Female,0,0,40, <=50K
318,29, Private, Some-college,10, Never-married, Tech-support, Not-in-family, White, Female,0,0,40, <=50K
319,62, Private, HS-grad,9, Widowed, Other-service, Not-in-family, White, Female,0,0,24, <=50K
320,39, Self-emp-not-inc, HS-grad,9, Married-civ-spouse, Exec-managerial, Husband, White, Male,0,0,40, <=50K
321,43, Private, Some-college,10, Married-civ-spouse, Craft-repair, Husband, White, Male,0,1485,50, <=50K
322,35, Private, HS-grad,9, Divorced, Transport-moving, Not-in-family, White, Male,0,0,45, <=50K
323,29, Private, 11th,7, Never-married, Exec-managerial, Not-in-family, White, Female,0,0,40, <=50K
324,76, Self-emp-not-inc, Masters,14, Married-civ-spouse, Craft-repair, Husband, White, Male,0,0,10, <=50K
325,63, Self-emp-not-inc, HS-grad,9, Married-civ-spouse, Farming-fishing, Husband, White, Male,0,0,45, <=50K
326,23, ?, Assoc-voc,11, Never-married, ?, Own-child, Black, Female,0,0,15, <=50K
327,43, Private, Some-college,10, Married-civ-spouse, Prof-specialty, Wife, White, Female,0,1887,50, >50K
328,58, Self-emp-not-inc, HS-grad,9, Married-civ-spouse, Handlers-cleaners, Husband, White, Male,0,0,40, <=50K
329,66, Private, HS-grad,9, Never-married, Transport-moving, Not-in-family, White, Male,2050,0,55, <=50K
330,41, Private, Some-college,10, Never-married, Craft-repair, Not-in-family, Black, Male,0,0,45, <=50K
331,26, Private, Bachelors,13, Never-married, Adm-clerical, Not-in-family, White, Male,0,0,40, <=50K
332,47, Private, Assoc-voc,11, Never-married, Other-service, Not-in-family, White, Male,0,0,40, <=50K
333,55, Local-gov, 10th,6, Married-civ-spouse, Adm-clerical, Husband, White, Male,0,0,40, <=50K
334,53, Private, HS-grad,9, Married-civ-spouse, Transport-moving, Husband, White, Male,0,0,40, <=50K
335,17, Private, 5th-6th,3, Never-married, Other-service, Other-relative, White, Male,0,0,48, <=50K
336,30, Private, HS-grad,9, Never-married, Craft-repair, Other-relative, White, Male,0,0,40, <=50K
337,49, Private, Masters,14, Never-married, Prof-specialty, Not-in-family, White, Male,0,0,60, <=50K
338,19, Private, HS-grad,9, Never-married, Sales, Unmarried, Black, Male,0,0,30, <=50K
339,45, Private, HS-grad,9, Married-civ-spouse, Other-service, Husband, Black, Male,0,0,40, <=50K
340,26, Private, Assoc-acdm,12, Never-married, Sales, Not-in-family, White, Male,0,0,40, <=50K
341,38, Private, Assoc-voc,11, Married-civ-spouse, Craft-repair, Husband, White, Male,7298,0,40, >50K
342,36, State-gov, HS-grad,9, Married-civ-spouse, Protective-serv, Husband, White, Male,7298,0,40, >50K
343,33, Private, HS-grad,9, Never-married, Farming-fishing, Not-in-family, White, Male,0,0,20, <=50K
344,22, State-gov, Some-college,10, Never-married, Protective-serv, Own-child, Black, Female,0,0,40, <=50K
345,43, Self-emp-not-inc, Bachelors,13, Never-married, Sales, Not-in-family, White, Male,0,0,42, <=50K
346,67, ?, 11th,7, Married-civ-spouse, ?, Husband, White, Male,0,0,8, <=50K
347,30, ?, Assoc-voc,11, Divorced, ?, Unmarried, White, Female,0,0,40, <=50K
348,56, Private, Assoc-acdm,12, Married-spouse-absent, Other-service, Not-in-family, White, Male,0,0,25, <=50K
349,31, Private, Bachelors,13, Never-married, Prof-specialty, Own-child, White, Male,0,0,25, <=50K
350,33, Private, Bachelors,13, Married-civ-spouse, Exec-managerial, Husband, White, Male,0,0,40, >50K
351,26, Private, HS-grad,9, Married-civ-spouse, Other-service, Husband, White, Male,0,0,40, <=50K
352,33, Private, Bachelors,13, Married-civ-spouse, Exec-managerial, Husband, White, Male,0,0,40, >50K
353,46, Local-gov, 11th,7, Married-civ-spouse, Transport-moving, Husband, White, Male,0,0,30, <=50K
354,59, ?, Bachelors,13, Married-civ-spouse, ?, Husband, White, Male,0,0,40, >50K
355,38, Federal-gov, HS-grad,9, Married-civ-spouse, Adm-clerical, Husband, White, Male,0,0,40, >50K
356,65, Private, 11th,7, Widowed, Other-service, Unmarried, Other, Male,0,0,40, <=50K
357,40, Private, Assoc-voc,11, Married-civ-spouse, Tech-support, Husband, White, Male,0,0,40, >50K
358,42, Private, HS-grad,9, Married-civ-spouse, Adm-clerical, Wife, White, Female,0,0,35, <=50K
359,26, Self-emp-not-inc, 9th,5, Married-civ-spouse, Craft-repair, Husband, White, Male,0,0,40, <=50K
360,36, Private, 10th,6, Married-civ-spouse, Other-service, Wife, White, Female,0,0,24, <=50K
361,62, Private, Masters,14, Married-civ-spouse, Prof-specialty, Husband, White, Male,0,0,40, >50K
362,43, Private, Bachelors,13, Married-civ-spouse, Transport-moving, Husband, White, Male,0,0,45, <=50K
363,43, Private, Bachelors,13, Divorced, Exec-managerial, Not-in-family, White, Male,0,1564,45, >50K
364,22, Private, HS-grad,9, Married-spouse-absent, Sales, Not-in-family, White, Male,0,0,55, <=50K
365,28, Private, HS-grad,9, Married-civ-spouse, Craft-repair, Husband, White, Male,0,0,40, <=50K
366,56, Self-emp-not-inc, Some-college,10, Married-civ-spouse, Sales, Husband, White, Male,0,0,45, <=50K
367,22, Private, Assoc-acdm,12, Never-married, Sales, Not-in-family, White, Female,0,0,15, <=50K
368,57, Private, Bachelors,13, Divorced, Exec-managerial, Not-in-family, White, Female,0,0,45, >50K
369,39, Private, HS-grad,9, Divorced, Sales, Unmarried, White, Female,0,0,40, <=50K
370,26, Federal-gov, Some-college,10, Never-married, Adm-clerical, Unmarried, White, Female,0,0,15, <=50K
371,17, Private, 11th,7, Never-married, Other-service, Own-child, White, Male,0,0,10, <=50K
372,40, State-gov, Assoc-voc,11, Married-civ-spouse, Machine-op-inspct, Husband, White, Male,0,0,38, >50K
373,45, Private, HS-grad,9, Married-civ-spouse, Machine-op-inspct, Husband, Black, Male,0,0,40, <=50K
374,44, Private, HS-grad,9, Never-married, Craft-repair, Not-in-family, Black, Male,0,0,40, <=50K
375,20, Local-gov, Some-college,10, Never-married, Adm-clerical, Own-child, White, Female,0,0,10, <=50K
376,33, Private, HS-grad,9, Married-civ-spouse, Craft-repair, Wife, White, Female,0,0,40, <=50K
377,23, Private, Some-college,10, Never-married, Sales, Not-in-family, White, Male,0,0,40, <=50K
378,46, Self-emp-not-inc, Masters,14, Divorced, Exec-managerial, Not-in-family, White, Male,0,0,30, <=50K
379,38, Private, HS-grad,9, Married-civ-spouse, Sales, Husband, White, Male,0,0,50, <=50K
380,54, Private, HS-grad,9, Divorced, Transport-moving, Not-in-family, White, Male,0,0,40, <=50K
381,46, Private, 5th-6th,3, Divorced, Craft-repair, Not-in-family, White, Female,0,2339,45, <=50K
382,25, Private, Some-college,10, Married-civ-spouse, Craft-repair, Husband, White, Male,0,0,40, <=50K
383,46, Private, Some-college,10, Divorced, Sales, Not-in-family, White, Female,0,0,40, <=50K
384,36, Local-gov, Some-college,10, Married-civ-spouse, Transport-moving, Wife, White, Female,0,0,40, <=50K
385,23, Private, HS-grad,9, Never-married, Other-service, Not-in-family, White, Female,0,0,25, <=50K
386,29, Private, HS-grad,9, Separated, Machine-op-inspct, Not-in-family, White, Male,0,0,40, <=50K
387,44, Private, Some-college,10, Married-civ-spouse, Adm-clerical, Wife, White, Female,0,2415,6, >50K
388,19, Private, Some-college,10, Never-married, Adm-clerical, Own-child, White, Female,0,0,16, <=50K
389,19, Private, HS-grad,9, Never-married, Other-service, Other-relative, White, Female,0,0,40, <=50K
390,35, Private, HS-grad,9, Married-civ-spouse, Other-service, Wife, White, Female,0,0,40, >50K
391,27, Private, Bachelors,13, Never-married, Craft-repair, Not-in-family, White, Male,0,0,50, <=50K
392,46, Self-emp-not-inc, Assoc-acdm,12, Separated, Craft-repair, Not-in-family, White, Male,0,0,40, <=50K
393,34, State-gov, Bachelors,13, Married-civ-spouse, Exec-managerial, Husband, White, Male,7688,0,45, >50K
394,34, Private, HS-grad,9, Never-married, Other-service, Not-in-family, White, Female,0,0,35, <=50K
395,44, Private, Some-college,10, Married-civ-spouse, Tech-support, Husband, White, Male,0,0,40, <=50K
396,45, Private, Some-college,10, Divorced, Handlers-cleaners, Unmarried, White, Female,0,0,40, <=50K
397,20, ?, HS-grad,9, Never-married, ?, Other-relative, White, Female,0,0,35, <=50K
398,25, Private, Bachelors,13, Married-civ-spouse, Exec-managerial, Husband, White, Male,0,0,55, >50K
399,52, Self-emp-inc, Bachelors,13, Married-civ-spouse, Exec-managerial, Husband, White, Male,0,0,50, >50K
400,20, Private, Some-college,10, Never-married, Handlers-cleaners, Own-child, White, Male,0,0,40, <=50K
401,28, Private, Some-college,10, Never-married, Other-service, Not-in-family, White, Female,0,0,40, <=50K
402,50, State-gov, Bachelors,13, Married-civ-spouse, Protective-serv, Husband, White, Male,0,0,40, >50K
403,34, Private, Assoc-voc,11, Divorced, Tech-support, Not-in-family, White, Female,0,0,64, <=50K
404,28, Private, 7th-8th,4, Married-civ-spouse, Handlers-cleaners, Husband, Other, Male,0,2179,40, <=50K
405,41, Private, Masters,14, Married-civ-spouse, Exec-managerial, Husband, White, Male,0,1977,65, >50K
406,28, Private, HS-grad,9, Married-civ-spouse, Adm-clerical, Husband, White, Male,0,0,40, <=50K
407,46, Self-emp-not-inc, HS-grad,9, Married-civ-spouse, Craft-repair, Husband, White, Male,0,0,25, <=50K
408,28, ?, Some-college,10, Married-civ-spouse, ?, Wife, White, Female,0,1887,40, >50K
409,32, Private, Some-college,10, Married-civ-spouse, Exec-managerial, Husband, White, Male,0,0,50, <=50K
410,41, Local-gov, Some-college,10, Divorced, Other-service, Not-in-family, Black, Female,0,0,24, <=50K
411,24, Private, HS-grad,9, Never-married, Handlers-cleaners, Unmarried, Black, Female,0,0,40, <=50K
412,33, Private, Some-college,10, Divorced, Exec-managerial, Unmarried, White, Female,0,0,40, <=50K
413,46, Private, Doctorate,16, Married-civ-spouse, Exec-managerial, Husband, White, Male,15024,0,60, >50K
414,31, State-gov, Some-college,10, Married-civ-spouse, Machine-op-inspct, Husband, White, Male,0,0,40, <=50K
415,35, Private, 12th,8, Divorced, Craft-repair, Not-in-family, White, Male,0,0,50, >50K
416,52, Private, 1st-4th,2, Married-civ-spouse, Machine-op-inspct, Husband, White, Male,0,0,40, <=50K
417,30, Private, 11th,7, Never-married, Other-service, Own-child, White, Female,0,0,19, <=50K
418,34, Local-gov, 11th,7, Separated, Machine-op-inspct, Not-in-family, Black, Male,0,0,40, <=50K
419,34, State-gov, HS-grad,9, Divorced, Transport-moving, Unmarried, White, Female,0,0,40, <=50K
420,20, Private, Some-college,10, Married-civ-spouse, Sales, Husband, White, Male,0,0,30, <=50K
421,17, Private, 11th,7, Never-married, Handlers-cleaners, Own-child, White, Male,2176,0,18, <=50K
422,32, State-gov, Bachelors,13, Married-civ-spouse, Exec-managerial, Wife, White, Female,0,0,40, >50K
423,29, Private, HS-grad,9, Divorced, Farming-fishing, Not-in-family, White, Male,0,0,40, <=50K
424,33, Private, 10th,6, Never-married, Craft-repair, Unmarried, White, Female,0,0,35, <=50K
425,25, Private, HS-grad,9, Married-civ-spouse, Transport-moving, Husband, White, Male,0,0,60, <=50K
426,36, Federal-gov, Masters,14, Never-married, Prof-specialty, Not-in-family, White, Male,0,1408,40, <=50K
427,23, Private, HS-grad,9, Never-married, Handlers-cleaners, Not-in-family, White, Male,0,0,72, <=50K
428,63, Self-emp-inc, HS-grad,9, Married-civ-spouse, Exec-managerial, Husband, White, Male,0,0,40, >50K
429,47, Local-gov, Masters,14, Married-civ-spouse, Prof-specialty, Husband, White, Male,0,0,40, <=50K
430,80, ?, HS-grad,9, Widowed, ?, Not-in-family, White, Male,0,0,24, <=50K
431,17, ?, 11th,7, Never-married, ?, Own-child, White, Male,0,0,40, <=50K
432,40, Self-emp-not-inc, Bachelors,13, Married-spouse-absent, Prof-specialty, Not-in-family, White, Female,2174,0,40, <=50K
433,30, Private, Assoc-acdm,12, Married-civ-spouse, Other-service, Wife, White, Female,0,0,25, >50K
434,27, Private, Some-college,10, Never-married, Craft-repair, Own-child, Asian-Pac-Islander, Male,0,1980,40, <=50K
435,33, Private, Masters,14, Married-civ-spouse, Prof-specialty, Husband, White, Male,0,0,50, >50K
436,34, Local-gov, HS-grad,9, Never-married, Farming-fishing, Not-in-family, Black, Male,594,0,60, <=50K
437,34, Local-gov, Some-college,10, Never-married, Protective-serv, Not-in-family, White, Female,0,0,40, <=50K
438,23, Private, Some-college,10, Married-civ-spouse, Adm-clerical, Husband, White, Male,0,0,40, <=50K
439,42, Local-gov, Some-college,10, Married-civ-spouse, Adm-clerical, Wife, White, Female,0,0,40, <=50K
440,29, Private, Bachelors,13, Never-married, Prof-specialty, Not-in-family, White, Male,0,0,40, <=50K
441,45, Private, HS-grad,9, Divorced, Adm-clerical, Not-in-family, White, Female,0,0,28, <=50K
442,24, Federal-gov, HS-grad,9, Never-married, Armed-Forces, Own-child, White, Male,0,0,40, <=50K
443,44, Private, Some-college,10, Married-civ-spouse, Prof-specialty, Husband, White, Male,0,0,40, >50K
444,27, Private, 9th,5, Never-married, Craft-repair, Other-relative, White, Male,0,0,40, <=50K
445,20, Private, Some-college,10, Never-married, Sales, Not-in-family, White, Male,0,0,35, <=50K
446,44, Private, HS-grad,9, Widowed, Exec-managerial, Unmarried, Black, Female,0,0,40, <=50K
447,51, Private, HS-grad,9, Married-civ-spouse, Craft-repair, Husband, Amer-Indian-Eskimo, Male,0,0,40, <=50K
448,20, Private, HS-grad,9, Married-civ-spouse, Machine-op-inspct, Husband, White, Male,0,0,40, <=50K
449,17, ?, 11th,7, Never-married, ?, Own-child, White, Female,0,0,5, <=50K
450,19, Private, HS-grad,9, Never-married, Machine-op-inspct, Own-child, Black, Female,0,0,40, <=50K
451,45, Self-emp-inc, Some-college,10, Married-civ-spouse, Craft-repair, Husband, White, Male,0,0,55, >50K
452,60, Private, HS-grad,9, Married-civ-spouse, Craft-repair, Husband, White, Male,0,0,40, >50K
453,42, Private, Assoc-acdm,12, Married-civ-spouse, Exec-managerial, Husband, Black, Male,0,0,40, >50K
454,44, Self-emp-not-inc, HS-grad,9, Married-civ-spouse, Sales, Wife, White, Female,0,0,40, >50K
455,40, Private, Assoc-voc,11, Married-civ-spouse, Machine-op-inspct, Husband, Asian-Pac-Islander, Male,0,0,40, >50K
456,30, Private, HS-grad,9, Married-civ-spouse, Exec-managerial, Wife, White, Female,0,0,40, <=50K
457,38, Private, Some-college,10, Married-civ-spouse, Transport-moving, Husband, Black, Male,0,0,50, <=50K
458,23, Private, HS-grad,9, Married-civ-spouse, Transport-moving, Husband, White, Male,0,0,60, <=50K
459,32, ?, Some-college,10, Married-civ-spouse, ?, Husband, White, Male,0,0,40, <=50K
460,44, Private, Assoc-acdm,12, Never-married, Farming-fishing, Own-child, White, Male,0,0,40, <=50K
461,54, Local-gov, HS-grad,9, Married-civ-spouse, Transport-moving, Husband, Black, Male,0,0,40, <=50K
462,32, Private, Bachelors,13, Married-civ-spouse, Prof-specialty, Husband, White, Male,0,0,50, <=50K
463,50, Private, 1st-4th,2, Married-spouse-absent, Craft-repair, Unmarried, White, Male,0,0,40, <=50K
464,24, Private, Bachelors,13, Never-married, Tech-support, Not-in-family, White, Female,0,0,20, <=50K
465,37, Private, HS-grad,9, Married-civ-spouse, Adm-clerical, Wife, White, Female,0,0,60, <=50K
466,52, Private, HS-grad,9, Divorced, Transport-moving, Unmarried, White, Male,0,0,40, <=50K
467,38, Private, Some-college,10, Married-civ-spouse, Transport-moving, Husband, White, Male,0,0,40, <=50K
468,49, Private, Masters,14, Married-civ-spouse, Exec-managerial, Husband, White, Male,0,1977,45, >50K
469,30, Private, Bachelors,13, Married-civ-spouse, Tech-support, Wife, White, Female,0,0,16, >50K
470,60, Private, Some-college,10, Never-married, Prof-specialty, Unmarried, White, Male,0,0,40, >50K
471,22, ?, Some-college,10, Never-married, ?, Own-child, White, Male,0,0,40, <=50K
472,35, Private, HS-grad,9, Never-married, Craft-repair, Not-in-family, White, Male,0,0,40, <=50K
473,30, Private, HS-grad,9, Never-married, Transport-moving, Not-in-family, White, Male,0,0,60, <=50K
474,67, Private, Assoc-voc,11, Divorced, Other-service, Not-in-family, White, Female,0,0,24, <=50K
475,46, Private, Bachelors,13, Never-married, Craft-repair, Not-in-family, White, Female,0,0,40, <=50K
476,17, Private, 9th,5, Never-married, Other-service, Not-in-family, White, Male,0,0,6, <=50K
477,22, Private, Some-college,10, Never-married, Handlers-cleaners, Own-child, White, Male,0,0,30, <=50K
478,27, Private, 10th,6, Never-married, Other-service, Not-in-family, White, Male,0,0,40, <=50K
479,23, Private, HS-grad,9, Never-married, Other-service, Unmarried, White, Female,0,0,35, <=50K
480,33, Private, Assoc-acdm,12, Married-civ-spouse, Craft-repair, Husband, White, Male,0,0,45, <=50K
481,43, Self-emp-not-inc, Some-college,10, Married-civ-spouse, Craft-repair, Husband, White, Male,0,0,20, <=50K
482,28, State-gov, Bachelors,13, Never-married, Prof-specialty, Not-in-family, White, Male,0,0,20, <=50K
483,41, Private, HS-grad,9, Married-spouse-absent, Craft-repair, Unmarried, White, Female,0,0,40, <=50K
484,52, ?, 12th,8, Never-married, ?, Other-relative, Black, Male,594,0,40, <=50K
485,25, Private, Some-college,10, Married-spouse-absent, Adm-clerical, Own-child, Black, Female,0,0,20, <=50K
486,63, ?, 1st-4th,2, Married-civ-spouse, ?, Husband, White, Male,0,0,35, <=50K
487,59, Local-gov, HS-grad,9, Married-civ-spouse, Transport-moving, Husband, White, Male,0,0,45, <=50K
488,45, Local-gov, Bachelors,13, Divorced, Prof-specialty, Unmarried, White, Female,0,0,40, <=50K
489,38, Private, Bachelors,13, Married-civ-spouse, Sales, Husband, White, Male,15024,0,60, >50K
490,40, Private, HS-grad,9, Never-married, Other-service, Not-in-family, White, Female,0,0,35, <=50K
491,46, Federal-gov, HS-grad,9, Divorced, Adm-clerical, Not-in-family, White, Male,0,0,40, <=50K
492,35, Private, Assoc-acdm,12, Never-married, Exec-managerial, Not-in-family, White, Female,0,0,60, <=50K
493,34, Private, HS-grad,9, Divorced, Prof-specialty, Unmarried, White, Female,0,0,25, <=50K
494,33, Private, Bachelors,13, Never-married, Craft-repair, Own-child, White, Male,0,0,20, <=50K
495,41, Private, HS-grad,9, Divorced, Adm-clerical, Unmarried, White, Female,0,0,36, <=50K
496,20, Private, Some-college,10, Never-married, Machine-op-inspct, Own-child, White, Male,0,0,40, <=50K
497,23, Private, 5th-6th,3, Never-married, Other-service, Own-child, White, Male,0,0,40, <=50K
498,26, Private, Some-college,10, Never-married, Prof-specialty, Not-in-family, White, Female,0,0,35, <=50K
499,72, ?, HS-grad,9, Married-civ-spouse, ?, Husband, White, Male,0,0,20, <=50K
500,23, Local-gov, HS-grad,9, Never-married, Farming-fishing, Not-in-family, White, Male,0,0,40, <=50K
501,62, Local-gov, HS-grad,9, Married-civ-spouse, Transport-moving, Husband, White, Male,0,0,40, <=50K
502,52, Private, Some-college,10, Married-civ-spouse, Adm-clerical, Husband, White, Male,0,0,40, <=50K
503,58, Private, Some-college,10, Divorced, Other-service, Unmarried, White, Female,0,0,42, <=50K
504,25, Private, Bachelors,13, Never-married, Sales, Not-in-family, White, Female,0,0,40, <=50K
505,24, Private, Bachelors,13, Never-married, Exec-managerial, Not-in-family, Black, Male,0,0,40, <=50K
506,19, Private, Some-college,10, Never-married, Protective-serv, Own-child, White, Male,0,0,8, <=50K
507,43, Private, Some-college,10, Married-civ-spouse, Exec-managerial, Husband, White, Male,0,0,40, <=50K
508,47, Local-gov, HS-grad,9, Separated, Adm-clerical, Unmarried, Black, Female,0,0,40, <=50K
509,39, Private, HS-grad,9, Divorced, Other-service, Unmarried, White, Female,0,0,40, <=50K
510,49, Private, Assoc-voc,11, Married-spouse-absent, Handlers-cleaners, Unmarried, White, Male,0,1380,42, <=50K
511,53, ?, 5th-6th,3, Widowed, ?, Unmarried, Black, Female,0,0,30, <=50K
512,32, Private, Assoc-voc,11, Never-married, Craft-repair, Not-in-family, White, Male,0,0,45, <=50K
513,34, Private, Some-college,10, Married-civ-spouse, Prof-specialty, Husband, White, Male,0,0,50, >50K
514,28, Private, HS-grad,9, Divorced, Craft-repair, Not-in-family, White, Male,0,0,45, <=50K
515,57, ?, Assoc-voc,11, Widowed, ?, Unmarried, White, Female,0,0,38, <=50K
516,25, Private, Some-college,10, Never-married, Adm-clerical, Not-in-family, Amer-Indian-Eskimo, Female,0,0,20, <=50K
517,20, ?, Some-college,10, Never-married, ?, Own-child, White, Male,0,0,24, <=50K
518,21, ?, Some-college,10, Never-married, ?, Unmarried, White, Female,0,0,35, <=50K
519,34, Private, Bachelors,13, Married-civ-spouse, Prof-specialty, Husband, White, Male,0,0,50, >50K
520,38, Self-emp-inc, Bachelors,13, Married-civ-spouse, Exec-managerial, Husband, White, Male,15024,0,80, >50K
521,50, Private, HS-grad,9, Married-civ-spouse, Exec-managerial, Husband, White, Male,7688,0,50, >50K
522,24, Local-gov, Some-college,10, Divorced, Handlers-cleaners, Not-in-family, Black, Male,0,0,50, <=50K
523,37, Local-gov, Some-college,10, Married-civ-spouse, Tech-support, Husband, White, Male,0,0,45, >50K
524,44, Private, Some-college,10, Divorced, Machine-op-inspct, Unmarried, White, Male,0,0,58, >50K
525,28, Private, Some-college,10, Married-civ-spouse, Sales, Wife, White, Female,0,0,40, <=50K
526,42, Private, Bachelors,13, Married-civ-spouse, Exec-managerial, Husband, White, Male,0,0,40, >50K
527,74, Private, Some-college,10, Divorced, Adm-clerical, Not-in-family, White, Female,0,0,9, <=50K
528,38, Self-emp-not-inc, HS-grad,9, Married-civ-spouse, Craft-repair, Husband, White, Male,0,0,50, <=50K
529,44, Self-emp-not-inc, Masters,14, Married-civ-spouse, Prof-specialty, Husband, White, Male,0,0,40, <=50K
530,44, Private, 11th,7, Divorced, Machine-op-inspct, Unmarried, Other, Female,0,0,46, <=50K
531,26, Private, HS-grad,9, Never-married, Machine-op-inspct, Not-in-family, White, Male,0,0,40, <=50K
532,36, Private, HS-grad,9, Married-civ-spouse, Other-service, Husband, Black, Male,0,0,40, <=50K
533,41, Private, Assoc-acdm,12, Married-civ-spouse, Exec-managerial, Wife, White, Female,0,0,50, >50K
534,67, Private, Prof-school,15, Married-civ-spouse, Prof-specialty, Husband, White, Male,20051,0,48, >50K
535,39, Local-gov, 12th,8, Married-civ-spouse, Tech-support, Husband, White, Male,0,0,50, <=50K
536,57, Private, 1st-4th,2, Widowed, Priv-house-serv, Not-in-family, Black, Female,0,0,30, <=50K
537,29, Private, Assoc-voc,11, Separated, Craft-repair, Not-in-family, White, Male,0,0,40, <=50K
538,31, Self-emp-inc, Bachelors,13, Never-married, Farming-fishing, Not-in-family, White, Female,0,0,45, <=50K
539,34, ?, HS-grad,9, Never-married, ?, Unmarried, Black, Female,0,0,40, <=50K
540,44, Private, Some-college,10, Married-civ-spouse, Transport-moving, Husband, White, Male,0,0,40, <=50K
541,29, Private, Doctorate,16, Never-married, Prof-specialty, Own-child, White, Male,0,0,40, <=50K
542,30, Private, Some-college,10, Never-married, Handlers-cleaners, Unmarried, White, Female,0,0,40, <=50K
543,27, Private, HS-grad,9, Never-married, Transport-moving, Not-in-family, White, Male,0,0,40, <=50K
544,27, Private, Some-college,10, Married-civ-spouse, Sales, Husband, White, Male,0,0,50, <=50K
545,32, Private, HS-grad,9, Never-married, Handlers-cleaners, Not-in-family, White, Female,0,0,45, <=50K
546,58, Private, 10th,6, Married-civ-spouse, Other-service, Wife, White, Female,0,0,8, <=50K
547,35, Local-gov, Some-college,10, Married-civ-spouse, Protective-serv, Husband, White, Male,0,0,40, <=50K
548,21, Private, HS-grad,9, Never-married, Handlers-cleaners, Own-child, White, Male,0,0,36, <=50K
549,28, Private, Some-college,10, Never-married, Craft-repair, Unmarried, White, Male,0,0,40, <=50K
550,46, Self-emp-not-inc, Some-college,10, Divorced, Exec-managerial, Not-in-family, White, Male,0,0,50, <=50K
551,36, Self-emp-not-inc, HS-grad,9, Separated, Other-service, Unmarried, White, Female,0,0,40, <=50K
552,72, Private, 11th,7, Widowed, Adm-clerical, Unmarried, White, Female,0,0,40, <=50K
553,35, Private, HS-grad,9, Married-civ-spouse, Machine-op-inspct, Wife, Black, Female,0,0,40, <=50K
554,33, Federal-gov, Assoc-voc,11, Divorced, Craft-repair, Unmarried, Black, Female,0,0,40, >50K
555,69, Private, 11th,7, Never-married, Machine-op-inspct, Not-in-family, White, Female,0,0,40, <=50K
556,35, Private, HS-grad,9, Married-civ-spouse, Machine-op-inspct, Husband, White, Male,0,0,40, <=50K
557,31, Private, HS-grad,9, Separated, Adm-clerical, Unmarried, White, Female,0,0,20, <=50K
558,34, Private, HS-grad,9, Married-civ-spouse, Tech-support, Wife, White, Female,0,0,32, <=50K
559,30, Private, 11th,7, Married-civ-spouse, Other-service, Husband, White, Male,0,0,40, <=50K
560,28, Private, Bachelors,13, Never-married, Transport-moving, Not-in-family, White, Male,0,0,55, <=50K
561,54, Private, Bachelors,13, Married-civ-spouse, Sales, Husband, White, Male,0,0,35, >50K
562,47, Private, Some-college,10, Married-civ-spouse, Prof-specialty, Husband, White, Male,0,0,50, >50K
563,24, Private, HS-grad,9, Never-married, Handlers-cleaners, Unmarried, Black, Female,0,0,40, <=50K
564,52, Self-emp-not-inc, Bachelors,13, Married-civ-spouse, Prof-specialty, Husband, White, Male,0,0,60, >50K
565,20, Private, HS-grad,9, Never-married, Handlers-cleaners, Own-child, Amer-Indian-Eskimo, Male,0,0,48, <=50K
566,43, Self-emp-inc, Masters,14, Married-civ-spouse, Exec-managerial, Husband, White, Male,5013,0,45, <=50K
567,45, Private, 7th-8th,4, Separated, Other-service, Unmarried, White, Female,0,0,40, <=50K
568,29, Self-emp-not-inc, HS-grad,9, Separated, Craft-repair, Not-in-family, White, Male,0,0,35, <=50K
569,47, Private, Masters,14, Divorced, Exec-managerial, Unmarried, White, Male,0,0,42, <=50K
570,24, Private, HS-grad,9, Never-married, Craft-repair, Own-child, White, Male,0,0,40, <=50K
571,51, Private, HS-grad,9, Married-civ-spouse, Prof-specialty, Husband, White, Male,0,0,40, <=50K
572,17, Private, 11th,7, Never-married, Sales, Own-child, White, Male,0,0,12, <=50K
573,37, Private, Assoc-voc,11, Married-civ-spouse, Craft-repair, Husband, White, Male,0,1977,40, >50K
574,27, Private, Doctorate,16, Never-married, Prof-specialty, Not-in-family, White, Female,0,0,70, <=50K
575,29, Private, Bachelors,13, Married-civ-spouse, Exec-managerial, Wife, White, Male,0,0,40, >50K
576,18, ?, 12th,8, Never-married, ?, Own-child, White, Male,0,0,25, <=50K
577,36, Self-emp-not-inc, Assoc-acdm,12, Divorced, Sales, Unmarried, White, Female,0,0,35, <=50K
578,58, Local-gov, Bachelors,13, Never-married, Prof-specialty, Not-in-family, White, Female,0,0,40, <=50K
579,26, Self-emp-not-inc, Some-college,10, Married-civ-spouse, Craft-repair, Husband, White, Male,0,0,45, <=50K
580,65, ?, Some-college,10, Married-civ-spouse, ?, Husband, White, Male,0,0,30, >50K
581,57, Private, HS-grad,9, Married-civ-spouse, Sales, Husband, White, Male,0,0,40, >50K
582,59, Private, HS-grad,9, Married-civ-spouse, Craft-repair, Husband, White, Male,0,0,40, <=50K
583,27, Private, HS-grad,9, Married-civ-spouse, Machine-op-inspct, Husband, White, Male,0,0,40, <=50K
584,31, Self-emp-not-inc, Bachelors,13, Never-married, Tech-support, Not-in-family, White, Male,0,0,40, <=50K
585,21, Private, Some-college,10, Never-married, Sales, Own-child, White, Female,0,0,24, <=50K
586,29, Private, Some-college,10, Never-married, Adm-clerical, Not-in-family, White, Male,0,0,60, <=50K
587,18, Private, 11th,7, Never-married, Other-service, Own-child, White, Male,0,0,40, <=50K
588,52, Private, 10th,6, Married-civ-spouse, Craft-repair, Husband, White, Male,0,1887,47, >50K
589,57, Self-emp-inc, Bachelors,13, Divorced, Prof-specialty, Not-in-family, White, Male,0,0,80, <=50K
590,42, ?, HS-grad,9, Married-civ-spouse, ?, Husband, White, Male,0,0,40, <=50K
591,55, ?, HS-grad,9, Married-civ-spouse, ?, Wife, Asian-Pac-Islander, Female,0,0,40, <=50K
592,60, Private, 7th-8th,4, Never-married, Transport-moving, Not-in-family, White, Male,0,0,48, >50K
593,31, Private, Bachelors,13, Married-civ-spouse, Prof-specialty, Husband, White, Male,7688,0,40, >50K
594,23, Private, Bachelors,13, Never-married, Adm-clerical, Own-child, White, Female,0,0,40, <=50K
595,27, Private, HS-grad,9, Never-married, Sales, Own-child, White, Male,0,0,40, <=50K
596,23, ?, Some-college,10, Never-married, ?, Unmarried, Amer-Indian-Eskimo, Female,0,0,25, <=50K
597,42, Self-emp-not-inc, Prof-school,15, Married-civ-spouse, Prof-specialty, Husband, White, Male,0,1902,50, >50K
598,25, Private, Some-college,10, Never-married, Tech-support, Not-in-family, White, Male,2174,0,40, <=50K
599,49, Private, Bachelors,13, Never-married, Prof-specialty, Not-in-family, White, Female,0,0,45, <=50K
600,32, Private, Bachelors,13, Never-married, Tech-support, Not-in-family, White, Male,0,0,40, <=50K
601,19, Private, Some-college,10, Never-married, Adm-clerical, Own-child, White, Male,0,0,28, <=50K
602,60, Private, 7th-8th,4, Divorced, Other-service, Not-in-family, White, Female,0,0,40, <=50K
603,42, Local-gov, 9th,5, Married-civ-spouse, Other-service, Husband, White, Male,0,0,40, <=50K
604,35, Self-emp-not-inc, Assoc-acdm,12, Never-married, Farming-fishing, Not-in-family, White, Male,0,0,40, <=50K
605,48, Private, HS-grad,9, Never-married, Adm-clerical, Unmarried, Black, Female,0,0,37, <=50K
606,51, Private, Masters,14, Married-civ-spouse, Craft-repair, Husband, White, Male,0,0,40, >50K
607,29, Private, HS-grad,9, Never-married, Craft-repair, Not-in-family, Amer-Indian-Eskimo, Male,0,0,40, <=50K
608,36, Local-gov, HS-grad,9, Separated, Exec-managerial, Not-in-family, Black, Male,0,0,40, <=50K
609,17, Private, 10th,6, Never-married, Other-service, Own-child, White, Female,0,0,21, <=50K
610,52, Private, Masters,14, Divorced, Prof-specialty, Not-in-family, White, Female,6849,0,60, <=50K
611,24, Private, HS-grad,9, Never-married, Craft-repair, Not-in-family, White, Male,0,0,40, <=50K
612,24, Private, HS-grad,9, Married-civ-spouse, Handlers-cleaners, Husband, White, Male,0,0,50, <=50K
613,26, Local-gov, Bachelors,13, Never-married, Prof-specialty, Own-child, White, Male,1055,0,40, <=50K
614,27, Private, Bachelors,13, Never-married, Other-service, Own-child, White, Female,0,0,20, <=50K
615,39, Private, HS-grad,9, Never-married, Handlers-cleaners, Own-child, White, Male,0,0,60, <=50K
616,30, Private, HS-grad,9, Married-civ-spouse, Transport-moving, Husband, Black, Male,0,0,45, <=50K
617,50, Self-emp-not-inc, HS-grad,9, Married-civ-spouse, Exec-managerial, Husband, White, Male,0,0,32, <=50K
618,52, Self-emp-inc, Bachelors,13, Married-civ-spouse, Sales, Husband, White, Male,0,0,55, <=50K
619,46, Private, Prof-school,15, Married-civ-spouse, Prof-specialty, Husband, White, Male,15024,0,45, >50K
620,23, Private, Bachelors,13, Never-married, Sales, Own-child, White, Female,0,0,20, <=50K
621,45, Private, 11th,7, Widowed, Other-service, Not-in-family, Black, Female,0,0,20, <=50K
622,65, Private, 9th,5, Widowed, Priv-house-serv, Unmarried, Black, Female,0,0,24, <=50K
623,29, Private, Assoc-voc,11, Married-civ-spouse, Transport-moving, Husband, White, Male,0,0,55, <=50K
624,47, Private, 9th,5, Married-spouse-absent, Handlers-cleaners, Unmarried, White, Male,0,0,40, <=50K
625,30, Private, HS-grad,9, Never-married, Farming-fishing, Own-child, Black, Male,0,0,60, <=50K
626,34, Private, HS-grad,9, Married-civ-spouse, Sales, Husband, White, Male,0,0,45, >50K
627,38, Self-emp-not-inc, HS-grad,9, Married-civ-spouse, Sales, Husband, White, Male,0,0,64, <=50K
628,33, Private, Some-college,10, Married-civ-spouse, Exec-managerial, Husband, White, Male,0,0,40, >50K
629,49, Private, Bachelors,13, Married-civ-spouse, Sales, Husband, White, Male,0,0,26, >50K
630,47, Self-emp-not-inc, Some-college,10, Never-married, Other-service, Unmarried, Black, Female,0,0,40, <=50K
631,49, Local-gov, 10th,6, Separated, Other-service, Unmarried, Black, Female,0,0,40, <=50K
632,43, Private, Some-college,10, Married-civ-spouse, Craft-repair, Husband, White, Male,15024,0,60, >50K
633,30, Private, Bachelors,13, Married-civ-spouse, Adm-clerical, Wife, Black, Female,0,0,40, >50K
634,58, Self-emp-not-inc, HS-grad,9, Married-civ-spouse, Craft-repair, Husband, White, Male,0,0,60, <=50K
635,19, Private, HS-grad,9, Never-married, Other-service, Own-child, White, Female,0,0,14, <=50K
636,21, Private, Bachelors,13, Never-married, Handlers-cleaners, Not-in-family, White, Male,0,0,40, <=50K
637,33, Private, Bachelors,13, Married-civ-spouse, Exec-managerial, Husband, White, Male,15024,0,60, >50K
638,47, Self-emp-inc, 5th-6th,3, Married-civ-spouse, Transport-moving, Husband, White, Male,0,0,50, <=50K
639,52, Self-emp-not-inc, Doctorate,16, Married-civ-spouse, Prof-specialty, Husband, White, Male,0,0,60, >50K
640,26, Private, HS-grad,9, Divorced, Craft-repair, Not-in-family, White, Male,0,0,55, <=50K
641,60, Private, HS-grad,9, Married-civ-spouse, Craft-repair, Husband, White, Male,0,0,40, <=50K
642,21, Private, Some-college,10, Never-married, Handlers-cleaners, Own-child, White, Male,0,0,40, <=50K
643,36, Private, Some-college,10, Married-civ-spouse, Sales, Husband, White, Male,5178,0,50, >50K
644,31, Private, Some-college,10, Married-civ-spouse, Craft-repair, Husband, White, Male,0,0,45, <=50K
645,50, Self-emp-inc, Doctorate,16, Separated, Prof-specialty, Not-in-family, White, Male,0,0,40, >50K
646,31, Local-gov, HS-grad,9, Divorced, Adm-clerical, Unmarried, White, Female,0,0,40, <=50K
647,71, Private, HS-grad,9, Married-civ-spouse, Craft-repair, Husband, White, Male,0,0,15, <=50K
648,58, ?, HS-grad,9, Married-civ-spouse, ?, Husband, White, Male,0,0,50, <=50K
649,30, State-gov, Bachelors,13, Married-civ-spouse, Tech-support, Husband, White, Male,0,0,40, >50K
650,20, Private, Some-college,10, Never-married, Other-service, Own-child, White, Male,0,0,20, <=50K
651,24, Private, HS-grad,9, Never-married, Exec-managerial, Other-relative, White, Male,4101,0,50, <=50K
652,35, Private, Doctorate,16, Married-civ-spouse, Prof-specialty, Husband, Asian-Pac-Islander, Male,0,0,40, >50K
653,38, State-gov, Some-college,10, Separated, Exec-managerial, Not-in-family, White, Female,0,0,45, <=50K
654,27, Private, HS-grad,9, Never-married, Machine-op-inspct, Own-child, White, Female,0,0,32, <=50K
655,29, State-gov, Some-college,10, Never-married, Adm-clerical, Unmarried, Asian-Pac-Islander, Female,0,0,40, <=50K
656,70, ?, 9th,5, Widowed, ?, Unmarried, White, Female,1111,0,15, <=50K
657,34, Private, HS-grad,9, Married-civ-spouse, Craft-repair, Husband, White, Male,0,0,45, <=50K
658,44, Private, 7th-8th,4, Married-civ-spouse, Craft-repair, Husband, White, Male,0,0,35, <=50K
659,43, Private, HS-grad,9, Married-civ-spouse, Machine-op-inspct, Husband, White, Male,0,0,40, >50K
660,44, Self-emp-not-inc, 12th,8, Married-civ-spouse, Handlers-cleaners, Husband, Black, Male,0,0,40, >50K
661,35, Private, Masters,14, Never-married, Sales, Not-in-family, White, Male,0,0,60, <=50K
662,27, Private, Some-college,10, Never-married, Prof-specialty, Not-in-family, White, Male,0,0,40, <=50K
663,43, Local-gov, Masters,14, Never-married, Prof-specialty, Not-in-family, White, Male,0,0,38, <=50K
664,20, Private, Some-college,10, Never-married, Sales, Not-in-family, White, Female,0,0,25, <=50K
665,42, Private, Assoc-acdm,12, Divorced, Prof-specialty, Unmarried, White, Female,8614,0,40, >50K
666,27, State-gov, Some-college,10, Married-civ-spouse, Transport-moving, Husband, White, Male,3411,0,40, <=50K
667,42, Private, HS-grad,9, Married-civ-spouse, Craft-repair, Husband, Black, Male,0,0,40, >50K
668,20, ?, 11th,7, Married-spouse-absent, ?, Own-child, Asian-Pac-Islander, Female,0,1762,40, <=50K
669,24, Private, 9th,5, Never-married, Machine-op-inspct, Not-in-family, White, Male,0,1721,40, <=50K
670,48, Federal-gov, Some-college,10, Divorced, Exec-managerial, Not-in-family, White, Male,0,0,40, <=50K
671,17, ?, 11th,7, Never-married, ?, Own-child, White, Female,0,0,20, <=50K
672,17, Self-emp-not-inc, 11th,7, Never-married, Farming-fishing, Own-child, White, Male,0,0,10, <=50K
673,33, Private, Bachelors,13, Married-civ-spouse, Exec-managerial, Husband, White, Male,0,0,40, >50K
674,50, Self-emp-inc, HS-grad,9, Married-civ-spouse, Sales, Husband, White, Male,0,0,50, >50K
675,22, Private, HS-grad,9, Never-married, Sales, Own-child, White, Female,2597,0,40, <=50K
676,17, Private, 12th,8, Never-married, Other-service, Own-child, White, Male,0,0,16, <=50K
677,32, Private, Some-college,10, Married-civ-spouse, Adm-clerical, Husband, White, Male,0,0,40, <=50K
678,31, Private, HS-grad,9, Never-married, Craft-repair, Not-in-family, White, Male,0,0,45, <=50K
679,58, Self-emp-not-inc, HS-grad,9, Widowed, Exec-managerial, Not-in-family, White, Male,0,0,50, <=50K
680,29, Local-gov, HS-grad,9, Never-married, Protective-serv, Own-child, White, Male,0,0,48, <=50K
681,37, Private, Assoc-voc,11, Married-civ-spouse, Craft-repair, Husband, White, Male,0,0,40, >50K
682,34, Self-emp-not-inc, HS-grad,9, Married-civ-spouse, Craft-repair, Husband, White, Male,0,0,40, >50K
683,23, Local-gov, Some-college,10, Separated, Exec-managerial, Unmarried, Black, Male,0,0,40, <=50K
684,18, State-gov, 11th,7, Never-married, Adm-clerical, Own-child, White, Female,0,0,5, <=50K
685,34, Private, HS-grad,9, Divorced, Exec-managerial, Not-in-family, White, Female,0,0,40, <=50K
686,66, ?, 7th-8th,4, Never-married, ?, Not-in-family, White, Male,0,0,4, <=50K
687,45, Local-gov, Bachelors,13, Married-civ-spouse, Prof-specialty, Wife, White, Female,0,0,55, <=50K
688,41, Private, Masters,14, Never-married, Exec-managerial, Not-in-family, White, Male,0,0,35, <=50K
689,26, Private, HS-grad,9, Never-married, Other-service, Other-relative, White, Male,0,0,30, <=50K
690,54, Local-gov, Some-college,10, Married-civ-spouse, Farming-fishing, Husband, White, Male,0,0,40, <=50K
691,24, Private, Some-college,10, Never-married, Machine-op-inspct, Own-child, Black, Female,0,0,45, <=50K
692,42, Private, Some-college,10, Married-civ-spouse, Prof-specialty, Husband, White, Male,0,0,50, <=50K
693,20, Private, Some-college,10, Never-married, Prof-specialty, Own-child, White, Male,0,0,20, <=50K
694,23, State-gov, Bachelors,13, Never-married, Tech-support, Not-in-family, White, Female,0,0,20, <=50K
695,25, ?, Assoc-acdm,12, Never-married, ?, Other-relative, White, Male,0,0,45, <=50K
696,35, Private, Masters,14, Never-married, Prof-specialty, Not-in-family, White, Male,0,0,60, >50K
697,31, Private, Masters,14, Married-civ-spouse, Tech-support, Husband, White, Male,0,1902,40, >50K
698,30, Private, Bachelors,13, Never-married, Prof-specialty, Own-child, White, Female,0,0,40, <=50K
699,19, Private, HS-grad,9, Never-married, Sales, Own-child, White, Female,0,0,20, <=50K
700,36, Local-gov, Bachelors,13, Never-married, Prof-specialty, Not-in-family, White, Male,0,0,50, <=50K
701,31, Private, Bachelors,13, Widowed, Sales, Unmarried, White, Female,0,1380,40, <=50K
702,21, Private, Some-college,10, Never-married, Handlers-cleaners, Own-child, White, Male,0,0,30, <=50K
703,31, Self-emp-not-inc, Some-college,10, Married-civ-spouse, Craft-repair, Husband, White, Male,0,0,40, <=50K
704,46, Private, Doctorate,16, Divorced, Prof-specialty, Unmarried, White, Female,25236,0,65, >50K
705,44, Private, Bachelors,13, Divorced, Exec-managerial, Own-child, White, Female,0,0,50, >50K
706,40, Private, 12th,8, Married-civ-spouse, Other-service, Husband, Black, Male,0,0,40, <=50K
707,45, Private, Some-college,10, Never-married, Sales, Not-in-family, Black, Male,0,0,40, <=50K
708,60, Private, HS-grad,9, Married-civ-spouse, Craft-repair, Husband, White, Male,0,0,35, <=50K
709,18, Private, 11th,7, Never-married, Other-service, Other-relative, White, Male,0,0,25, <=50K
710,28, Private, Bachelors,13, Married-civ-spouse, Prof-specialty, Husband, White, Male,0,0,40, <=50K
711,36, Private, Some-college,10, Divorced, Adm-clerical, Unmarried, Black, Female,0,0,40, <=50K
712,36, Private, Bachelors,13, Separated, Prof-specialty, Not-in-family, White, Male,0,0,40, <=50K
713,40, Private, Assoc-voc,11, Married-civ-spouse, Tech-support, Husband, White, Male,4386,0,40, <=50K
714,36, Local-gov, Bachelors,13, Divorced, Adm-clerical, Unmarried, White, Female,0,0,35, <=50K
715,31, Private, HS-grad,9, Separated, Other-service, Unmarried, Black, Female,0,0,40, <=50K
716,33, Private, HS-grad,9, Married-civ-spouse, Machine-op-inspct, Husband, White, Male,0,0,40, <=50K
717,19, State-gov, HS-grad,9, Never-married, Tech-support, Own-child, White, Female,0,0,40, <=50K
718,22, Private, Some-college,10, Never-married, Sales, Own-child, White, Female,0,0,15, <=50K
719,34, Private, Bachelors,13, Married-civ-spouse, Exec-managerial, Husband, White, Male,0,0,45, >50K
720,33, Private, HS-grad,9, Never-married, Other-service, Not-in-family, White, Male,0,0,40, <=50K
721,41, Private, HS-grad,9, Married-civ-spouse, Craft-repair, Husband, White, Male,0,2051,60, <=50K
722,29, Private, Bachelors,13, Never-married, Prof-specialty, Not-in-family, White, Male,4650,0,40, <=50K
723,50, Local-gov, HS-grad,9, Married-civ-spouse, Exec-managerial, Husband, White, Male,0,0,42, >50K
724,42, Private, Bachelors,13, Married-civ-spouse, Exec-managerial, Husband, White, Male,7298,0,45, >50K
725,43, Private, Bachelors,13, Never-married, Prof-specialty, Not-in-family, White, Male,0,0,40, >50K
726,44, Private, HS-grad,9, Married-civ-spouse, Sales, Wife, White, Female,0,0,40, <=50K
727,20, Private, Some-college,10, Never-married, Other-service, Not-in-family, White, Female,0,0,20, <=50K
728,31, Private, HS-grad,9, Married-civ-spouse, Other-service, Husband, White, Male,0,0,40, <=50K
729,65, Self-emp-not-inc, 11th,7, Married-civ-spouse, Exec-managerial, Husband, White, Male,9386,0,59, >50K
730,23, Private, Some-college,10, Never-married, Other-service, Not-in-family, White, Female,0,0,24, <=50K
731,55, Private, Some-college,10, Divorced, Adm-clerical, Not-in-family, Asian-Pac-Islander, Female,0,0,40, <=50K
732,26, Private, Assoc-voc,11, Married-civ-spouse, Adm-clerical, Husband, White, Male,0,2377,45, <=50K
733,25, Private, Assoc-voc,11, Never-married, Other-service, Own-child, White, Female,0,0,15, <=50K
734,45, ?, Some-college,10, Married-civ-spouse, ?, Wife, Black, Female,0,0,40, <=50K
735,35, Private, Some-college,10, Married-civ-spouse, Craft-repair, Husband, White, Male,2407,0,40, <=50K
736,36, Private, Some-college,10, Never-married, Sales, Not-in-family, Black, Female,0,0,36, <=50K
737,43, State-gov, Bachelors,13, Married-civ-spouse, Prof-specialty, Husband, White, Male,0,0,50, <=50K
738,56, Private, HS-grad,9, Widowed, Other-service, Unmarried, Black, Female,594,0,20, <=50K
739,42, Private, Bachelors,13, Married-civ-spouse, Tech-support, Husband, White, Male,0,0,40, >50K
740,19, Private, Some-college,10, Never-married, Other-service, Other-relative, White, Female,0,0,25, <=50K
741,55, Self-emp-not-inc, HS-grad,9, Married-civ-spouse, Transport-moving, Husband, White, Male,0,0,72, <=50K
742,42, Private, Masters,14, Never-married, Exec-managerial, Not-in-family, White, Female,14084,0,50, >50K
743,26, Private, Assoc-voc,11, Never-married, Tech-support, Own-child, White, Male,0,0,40, <=50K
744,17, Private, 12th,8, Never-married, Handlers-cleaners, Own-child, White, Male,0,0,20, <=50K
745,42, Local-gov, Bachelors,13, Married-civ-spouse, Prof-specialty, Wife, White, Female,0,0,40, >50K
746,55, Private, HS-grad,9, Married-civ-spouse, Transport-moving, Husband, White, Male,7688,0,40, >50K
747,32, Private, Some-college,10, Never-married, Adm-clerical, Own-child, Black, Female,0,0,40, <=50K
748,29, Private, 11th,7, Never-married, Craft-repair, Own-child, Black, Male,0,0,40, <=50K
749,46, State-gov, Bachelors,13, Married-civ-spouse, Prof-specialty, Husband, White, Male,0,0,37, <=50K
750,29, State-gov, Bachelors,13, Married-civ-spouse, Exec-managerial, Husband, White, Male,7688,0,40, >50K
751,22, Private, Bachelors,13, Never-married, Prof-specialty, Unmarried, White, Male,0,0,20, <=50K
752,58, Self-emp-not-inc, 10th,6, Married-civ-spouse, Craft-repair, Husband, White, Male,0,0,40, <=50K
753,23, Private, HS-grad,9, Never-married, Transport-moving, Unmarried, White, Male,0,0,50, <=50K
754,39, Private, HS-grad,9, Never-married, Handlers-cleaners, Not-in-family, White, Male,0,0,40, <=50K
755,27, Private, Assoc-voc,11, Never-married, Craft-repair, Own-child, White, Male,0,0,38, <=50K
756,54, Private, HS-grad,9, Married-civ-spouse, Transport-moving, Husband, White, Male,0,0,40, >50K
757,33, Local-gov, Bachelors,13, Never-married, Prof-specialty, Not-in-family, White, Female,0,0,45, <=50K
758,46, Federal-gov, HS-grad,9, Married-civ-spouse, Adm-clerical, Wife, White, Female,0,0,40, >50K
759,37, Private, HS-grad,9, Never-married, Farming-fishing, Not-in-family, Black, Male,0,0,40, <=50K
760,36, Private, HS-grad,9, Never-married, Other-service, Not-in-family, White, Female,0,0,18, <=50K
761,59, Local-gov, HS-grad,9, Married-civ-spouse, Adm-clerical, Wife, White, Female,0,0,38, >50K
762,34, Local-gov, HS-grad,9, Divorced, Protective-serv, Unmarried, White, Male,0,0,40, <=50K
763,53, Self-emp-inc, Doctorate,16, Married-civ-spouse, Exec-managerial, Husband, White, Male,0,0,70, >50K
764,51, Private, Bachelors,13, Never-married, Sales, Not-in-family, White, Male,0,0,55, >50K
765,32, Private, 10th,6, Separated, Other-service, Unmarried, White, Female,0,0,42, <=50K
766,31, State-gov, Some-college,10, Married-spouse-absent, Other-service, Other-relative, White, Male,0,0,40, <=50K
767,22, Private, Some-college,10, Married-civ-spouse, Sales, Wife, White, Female,0,0,30, <=50K
768,47, Self-emp-not-inc, Bachelors,13, Divorced, Sales, Not-in-family, White, Female,0,0,50, <=50K
769,32, Private, HS-grad,9, Never-married, Machine-op-inspct, Not-in-family, White, Male,0,0,40, <=50K
770,26, Private, Some-college,10, Never-married, Farming-fishing, Not-in-family, White, Female,0,0,38, <=50K
771,37, Private, 5th-6th,3, Separated, Farming-fishing, Not-in-family, White, Male,0,0,32, <=50K
772,31, Private, HS-grad,9, Divorced, Craft-repair, Unmarried, White, Male,0,0,55, <=50K
773,37, Private, Assoc-voc,11, Married-civ-spouse, Tech-support, Wife, White, Female,0,0,24, >50K
774,55, Private, HS-grad,9, Never-married, Sales, Not-in-family, White, Male,0,0,38, <=50K
775,23, Local-gov, Assoc-voc,11, Divorced, Tech-support, Not-in-family, White, Male,0,0,56, <=50K
776,36, Private, Some-college,10, Divorced, Adm-clerical, Unmarried, White, Female,0,0,40, <=50K
777,34, Private, Masters,14, Married-civ-spouse, Prof-specialty, Husband, White, Male,0,0,40, <=50K
778,43, Private, Bachelors,13, Married-civ-spouse, Sales, Husband, White, Male,0,0,50, >50K
779,54, Private, Some-college,10, Never-married, Tech-support, Not-in-family, White, Male,0,0,40, <=50K
780,43, State-gov, Some-college,10, Married-civ-spouse, Craft-repair, Husband, White, Male,0,0,40, <=50K
781,28, Private, Assoc-voc,11, Never-married, Machine-op-inspct, Not-in-family, White, Female,0,1669,42, <=50K
782,40, Private, Assoc-voc,11, Married-civ-spouse, Exec-managerial, Husband, White, Male,0,0,50, >50K
783,41, Self-emp-not-inc, Some-college,10, Married-civ-spouse, Exec-managerial, Husband, White, Male,0,0,60, <=50K
784,40, Private, Bachelors,13, Never-married, Sales, Not-in-family, Other, Female,0,0,55, >50K
785,42, Private, Some-college,10, Divorced, Adm-clerical, Not-in-family, Black, Female,0,0,38, <=50K
786,61, Self-emp-not-inc, HS-grad,9, Married-civ-spouse, Farming-fishing, Husband, White, Male,0,2352,50, <=50K
787,18, Private, 12th,8, Never-married, Machine-op-inspct, Own-child, White, Male,0,0,30, <=50K
788,59, ?, HS-grad,9, Married-civ-spouse, ?, Husband, White, Male,0,0,16, <=50K
789,21, ?, HS-grad,9, Never-married, ?, Not-in-family, White, Female,1055,0,40, <=50K
790,48, Private, Assoc-voc,11, Married-civ-spouse, Tech-support, Husband, White, Male,0,0,50, >50K
791,41, Self-emp-inc, Bachelors,13, Married-civ-spouse, Tech-support, Husband, White, Male,0,0,40, <=50K
792,18, ?, Some-college,10, Never-married, ?, Own-child, White, Male,0,0,33, <=50K
793,23, Private, HS-grad,9, Never-married, Sales, Not-in-family, White, Female,2463,0,40, <=50K
794,60, Private, HS-grad,9, Married-civ-spouse, Transport-moving, Husband, White, Male,0,0,60, >50K
795,22, Private, Some-college,10, Never-married, Other-service, Other-relative, Black, Male,0,0,20, <=50K
796,61, Private, HS-grad,9, Married-civ-spouse, Machine-op-inspct, Husband, White, Male,0,0,40, <=50K
797,25, Private, HS-grad,9, Never-married, Machine-op-inspct, Not-in-family, Black, Male,0,0,40, <=50K
798,46, Private, Masters,14, Never-married, Tech-support, Not-in-family, White, Male,0,0,35, >50K
799,43, Private, Bachelors,13, Married-civ-spouse, Exec-managerial, Husband, White, Male,0,1902,40, >50K
800,43, Private, Assoc-acdm,12, Divorced, Craft-repair, Not-in-family, White, Male,0,0,40, <=50K
801,24, Private, HS-grad,9, Never-married, Other-service, Own-child, Black, Male,0,1721,30, <=50K
802,68, Self-emp-not-inc, 11th,7, Never-married, Farming-fishing, Unmarried, White, Male,0,0,20, <=50K
803,31, Private, HS-grad,9, Divorced, Adm-clerical, Unmarried, White, Female,0,0,38, <=50K
804,17, Private, 11th,7, Never-married, Sales, Own-child, White, Female,0,0,20, <=50K
805,32, Private, HS-grad,9, Married-civ-spouse, Craft-repair, Husband, White, Male,5178,0,48, >50K
806,50, ?, Masters,14, Married-spouse-absent, ?, Other-relative, White, Male,0,0,40, <=50K
807,33, Private, Bachelors,13, Married-civ-spouse, Prof-specialty, Husband, White, Male,3103,0,47, >50K
808,64, Private, Bachelors,13, Married-civ-spouse, Prof-specialty, Husband, White, Male,0,0,40, >50K
809,20, Private, HS-grad,9, Never-married, Transport-moving, Own-child, White, Male,0,0,30, <=50K
810,30, Private, HS-grad,9, Separated, Other-service, Own-child, White, Female,0,0,36, <=50K
811,22, ?, Some-college,10, Never-married, ?, Own-child, Black, Male,0,0,40, <=50K
812,43, Private, Some-college,10, Divorced, Exec-managerial, Not-in-family, White, Male,0,0,45, <=50K
813,22, Private, Some-college,10, Never-married, Adm-clerical, Own-child, White, Male,0,0,40, <=50K
814,17, Private, 10th,6, Never-married, Farming-fishing, Own-child, White, Male,0,0,20, <=50K
815,47, Self-emp-not-inc, HS-grad,9, Married-civ-spouse, Other-service, Wife, White, Female,0,0,75, <=50K
816,41, Private, Assoc-voc,11, Never-married, Prof-specialty, Not-in-family, White, Female,0,0,60, <=50K
817,56, Private, Some-college,10, Married-civ-spouse, Craft-repair, Husband, White, Male,0,0,50, >50K
818,64, Private, HS-grad,9, Married-civ-spouse, Transport-moving, Husband, White, Male,0,0,45, <=50K
819,47, Private, HS-grad,9, Married-civ-spouse, Transport-moving, Husband, White, Male,0,0,50, >50K
820,48, Private, Assoc-voc,11, Never-married, Adm-clerical, Unmarried, White, Male,0,0,40, <=50K
821,31, Private, Masters,14, Never-married, Prof-specialty, Not-in-family, White, Female,0,0,46, <=50K
822,29, Private, Assoc-voc,11, Never-married, Tech-support, Own-child, White, Male,0,0,40, <=50K
823,30, Private, HS-grad,9, Widowed, Adm-clerical, Not-in-family, White, Female,0,0,40, <=50K
824,32, Private, HS-grad,9, Married-civ-spouse, Exec-managerial, Husband, White, Male,0,1672,60, <=50K
825,57, Private, HS-grad,9, Widowed, Transport-moving, Unmarried, White, Male,0,653,42, >50K
826,62, Private, HS-grad,9, Widowed, Other-service, Not-in-family, White, Female,0,0,40, <=50K
827,39, Private, HS-grad,9, Separated, Machine-op-inspct, Unmarried, White, Female,0,0,24, <=50K
828,43, Private, Some-college,10, Never-married, Adm-clerical, Not-in-family, White, Male,0,0,25, <=50K
829,24, Self-emp-inc, Bachelors,13, Never-married, Sales, Own-child, White, Male,0,0,40, <=50K
830,42, ?, 11th,7, Married-civ-spouse, ?, Husband, White, Male,0,0,15, <=50K
831,53, Private, Some-college,10, Married-civ-spouse, Adm-clerical, Wife, White, Female,4386,0,40, >50K
832,26, Private, Some-college,10, Never-married, Handlers-cleaners, Own-child, White, Male,0,0,40, <=50K
833,73, Self-emp-not-inc, HS-grad,9, Married-civ-spouse, Exec-managerial, Husband, White, Male,0,0,40, <=50K
834,72, ?, 11th,7, Widowed, ?, Not-in-family, White, Female,0,0,24, <=50K
835,55, Private, HS-grad,9, Married-civ-spouse, Machine-op-inspct, Husband, White, Male,0,0,40, <=50K
836,25, Private, HS-grad,9, Divorced, Adm-clerical, Not-in-family, White, Male,0,0,40, <=50K
837,41, Private, Bachelors,13, Divorced, Prof-specialty, Not-in-family, White, Female,0,0,50, >50K
838,24, Private, Bachelors,13, Never-married, Exec-managerial, Not-in-family, White, Male,0,0,50, <=50K
839,63, Private, HS-grad,9, Widowed, Farming-fishing, Not-in-family, White, Male,0,0,6, <=50K
840,17, Private, 11th,7, Never-married, Sales, Own-child, White, Male,0,0,20, <=50K
841,35, Private, Some-college,10, Married-civ-spouse, Craft-repair, Husband, White, Male,0,0,50, <=50K
842,51, Private, Some-college,10, Married-civ-spouse, Prof-specialty, Husband, White, Male,0,0,40, >50K
843,62, Local-gov, Bachelors,13, Widowed, Prof-specialty, Not-in-family, White, Female,0,0,48, <=50K
844,55, Private, HS-grad,9, Married-civ-spouse, Craft-repair, Husband, White, Male,4386,0,40, >50K
845,43, Private, Some-college,10, Divorced, Prof-specialty, Not-in-family, White, Male,0,0,40, <=50K
846,40, Local-gov, HS-grad,9, Divorced, Other-service, Not-in-family, White, Female,0,0,50, <=50K
847,37, Private, Bachelors,13, Married-civ-spouse, Exec-managerial, Husband, White, Male,0,0,45, >50K
848,39, Private, Bachelors,13, Married-civ-spouse, Craft-repair, Husband, White, Male,0,0,40, <=50K
849,31, Private, HS-grad,9, Never-married, Craft-repair, Own-child, White, Male,0,0,18, <=50K
850,61, Private, Masters,14, Widowed, Prof-specialty, Not-in-family, White, Female,0,0,40, >50K
851,26, Private, Assoc-voc,11, Divorced, Adm-clerical, Not-in-family, White, Female,0,0,55, <=50K
852,46, Self-emp-not-inc, HS-grad,9, Married-civ-spouse, Sales, Husband, White, Male,0,0,50, <=50K
853,26, Private, Bachelors,13, Never-married, Prof-specialty, Not-in-family, White, Female,0,0,40, <=50K
854,48, State-gov, Doctorate,16, Divorced, Prof-specialty, Own-child, White, Male,0,0,50, >50K
855,34, Private, HS-grad,9, Never-married, Transport-moving, Own-child, White, Male,0,0,40, <=50K
856,34, Local-gov, HS-grad,9, Never-married, Adm-clerical, Own-child, White, Female,0,0,40, <=50K
857,59, Private, HS-grad,9, Married-civ-spouse, Other-service, Husband, White, Male,0,0,40, >50K
858,34, Private, Bachelors,13, Never-married, Prof-specialty, Own-child, White, Female,0,0,40, <=50K
859,49, Private, Bachelors,13, Never-married, Exec-managerial, Not-in-family, White, Female,0,0,56, >50K
860,18, Private, 11th,7, Never-married, Adm-clerical, Own-child, White, Female,0,0,20, <=50K
861,43, Private, HS-grad,9, Married-civ-spouse, Farming-fishing, Husband, White, Male,0,0,40, <=50K
862,48, Private, 11th,7, Married-civ-spouse, Exec-managerial, Husband, White, Male,0,0,50, <=50K
863,28, Self-emp-inc, Some-college,10, Married-civ-spouse, Exec-managerial, Husband, White, Male,0,0,70, <=50K
864,33, Private, HS-grad,9, Married-civ-spouse, Machine-op-inspct, Husband, White, Male,0,0,40, <=50K
865,24, Private, Some-college,10, Never-married, Sales, Not-in-family, White, Female,0,0,15, <=50K
866,21, Private, 10th,6, Never-married, Handlers-cleaners, Not-in-family, White, Male,0,0,40, <=50K
867,17, Private, 11th,7, Never-married, Sales, Own-child, White, Male,0,0,28, <=50K
868,39, Private, Some-college,10, Married-civ-spouse, Farming-fishing, Husband, White, Male,0,0,50, >50K
869,29, Self-emp-not-inc, Bachelors,13, Separated, Prof-specialty, Own-child, White, Male,0,0,40, <=50K
870,44, Private, Bachelors,13, Married-civ-spouse, Exec-managerial, Husband, White, Male,0,0,40, >50K
871,24, Private, Some-college,10, Never-married, Transport-moving, Own-child, White, Male,0,0,50, <=50K
872,71, Self-emp-not-inc, Masters,14, Married-civ-spouse, Sales, Husband, White, Male,10605,0,40, >50K
873,51, Self-emp-not-inc, Bachelors,13, Married-civ-spouse, Sales, Husband, Asian-Pac-Islander, Male,0,2415,40, >50K
874,55, Private, 5th-6th,3, Divorced, Other-service, Unmarried, Black, Male,0,0,25, <=50K
875,41, Private, Bachelors,13, Married-civ-spouse, Exec-managerial, Husband, White, Male,0,0,60, >50K
876,23, Private, HS-grad,9, Never-married, Handlers-cleaners, Unmarried, Black, Female,0,0,7, <=50K
877,38, Private, Assoc-voc,11, Divorced, Adm-clerical, Unmarried, White, Female,0,0,40, <=50K
878,39, Private, HS-grad,9, Married-civ-spouse, Transport-moving, Husband, White, Male,0,0,40, >50K
879,19, Private, HS-grad,9, Never-married, Adm-clerical, Not-in-family, White, Female,0,0,30, <=50K
880,49, Private, 9th,5, Divorced, Machine-op-inspct, Not-in-family, White, Female,0,0,40, <=50K
881,32, Private, Bachelors,13, Married-civ-spouse, Adm-clerical, Other-relative, White, Male,0,0,40, >50K
882,27, Private, HS-grad,9, Married-civ-spouse, Craft-repair, Husband, White, Male,0,0,70, <=50K
883,38, Private, Bachelors,13, Married-civ-spouse, Sales, Husband, White, Male,0,0,50, >50K
884,33, Private, Some-college,10, Married-civ-spouse, Craft-repair, Wife, White, Female,0,0,60, <=50K
885,63, ?, Some-college,10, Married-civ-spouse, ?, Husband, White, Male,0,0,15, <=50K
886,23, Private, Bachelors,13, Never-married, Exec-managerial, Own-child, White, Male,0,0,28, <=50K
887,33, Self-emp-inc, Some-college,10, Married-civ-spouse, Craft-repair, Husband, White, Male,0,0,60, <=50K
888,54, Self-emp-not-inc, HS-grad,9, Married-civ-spouse, Sales, Husband, Black, Male,0,0,40, <=50K
889,29, Private, Assoc-voc,11, Divorced, Tech-support, Not-in-family, White, Female,2174,0,45, <=50K
890,48, ?, Some-college,10, Divorced, ?, Unmarried, Black, Female,0,0,30, <=50K
891,35, Self-emp-not-inc, Bachelors,13, Never-married, Exec-managerial, Not-in-family, White, Male,0,0,40, <=50K
892,28, Private, Assoc-voc,11, Married-civ-spouse, Adm-clerical, Wife, Asian-Pac-Islander, Female,0,0,40, <=50K
893,37, Private, Bachelors,13, Married-civ-spouse, Prof-specialty, Husband, White, Male,7688,0,50, >50K
894,42, Self-emp-not-inc, Prof-school,15, Married-civ-spouse, Farming-fishing, Husband, White, Male,0,0,65, >50K
895,40, Private, Masters,14, Married-civ-spouse, Prof-specialty, Husband, White, Male,0,0,40, <=50K
896,47, Private, Some-college,10, Divorced, Sales, Own-child, White, Male,0,0,55, <=50K
897,22, Private, Bachelors,13, Never-married, Exec-managerial, Own-child, White, Female,0,0,50, <=50K
898,30, Private, Bachelors,13, Married-civ-spouse, Exec-managerial, Husband, White, Male,0,0,45, >50K
899,28, Private, HS-grad,9, Married-civ-spouse, Tech-support, Husband, White, Male,0,0,40, <=50K
900,63, Local-gov, 7th-8th,4, Married-civ-spouse, Other-service, Husband, White, Male,0,0,55, <=50K
901,51, Self-emp-not-inc, 9th,5, Married-civ-spouse, Craft-repair, Husband, White, Male,0,0,20, <=50K
902,22, Private, HS-grad,9, Never-married, Handlers-cleaners, Own-child, White, Female,0,0,40, <=50K
903,27, ?, Assoc-acdm,12, Married-civ-spouse, ?, Own-child, Amer-Indian-Eskimo, Male,0,0,40, <=50K
904,35, Private, HS-grad,9, Never-married, Sales, Not-in-family, White, Male,0,0,45, <=50K
905,46, Private, HS-grad,9, Divorced, Machine-op-inspct, Not-in-family, White, Female,0,0,38, <=50K
906,37, Private, Some-college,10, Divorced, Machine-op-inspct, Not-in-family, White, Male,0,0,52, <=50K
907,24, Private, Bachelors,13, Never-married, Prof-specialty, Own-child, Black, Male,0,0,15, <=50K
908,37, Self-emp-not-inc, HS-grad,9, Divorced, Handlers-cleaners, Own-child, White, Male,0,0,10, <=50K
909,53, Private, Some-college,10, Married-civ-spouse, Tech-support, Husband, White, Male,0,0,40, <=50K
910,27, Private, HS-grad,9, Never-married, Sales, Not-in-family, White, Male,0,0,30, <=50K
911,38, Private, Some-college,10, Divorced, Craft-repair, Not-in-family, White, Male,0,0,44, <=50K
912,53, Self-emp-not-inc, 10th,6, Married-civ-spouse, Farming-fishing, Husband, White, Male,0,0,60, <=50K
913,34, Private, Some-college,10, Never-married, Craft-repair, Not-in-family, White, Male,0,0,40, <=50K
914,23, Private, HS-grad,9, Never-married, Sales, Own-child, Black, Male,0,0,40, <=50K
915,39, Private, Bachelors,13, Married-civ-spouse, Exec-managerial, Husband, White, Male,15024,0,45, >50K
916,43, Private, Masters,14, Married-civ-spouse, Prof-specialty, Wife, Asian-Pac-Islander, Female,0,0,50, <=50K
917,67, Self-emp-inc, HS-grad,9, Married-civ-spouse, Exec-managerial, Husband, Asian-Pac-Islander, Male,0,0,40, >50K
918,81, Self-emp-not-inc, HS-grad,9, Married-civ-spouse, Exec-managerial, Husband, White, Male,0,0,30, <=50K
919,21, Private, Some-college,10, Never-married, Other-service, Own-child, White, Male,0,0,20, <=50K
920,23, Private, Some-college,10, Never-married, Sales, Not-in-family, White, Male,0,0,25, <=50K
921,25, Private, Some-college,10, Never-married, Transport-moving, Unmarried, White, Male,0,0,40, <=50K
922,42, Private, 5th-6th,3, Married-civ-spouse, Machine-op-inspct, Wife, White, Female,0,0,38, <=50K
923,38, Private, Some-college,10, Married-civ-spouse, Adm-clerical, Wife, Black, Female,0,0,40, <=50K
924,64, ?, HS-grad,9, Married-civ-spouse, ?, Husband, White, Male,0,0,5, <=50K
925,32, Private, HS-grad,9, Married-civ-spouse, Machine-op-inspct, Husband, White, Male,0,0,40, <=50K
926,37, Private, HS-grad,9, Married-civ-spouse, Machine-op-inspct, Husband, White, Male,0,0,40, <=50K
927,51, Private, Masters,14, Married-civ-spouse, Exec-managerial, Husband, White, Male,0,0,60, >50K
928,22, Private, Some-college,10, Never-married, Sales, Not-in-family, White, Female,0,0,42, <=50K
929,33, Private, 1st-4th,2, Married-spouse-absent, Priv-house-serv, Not-in-family, White, Female,0,0,40, <=50K
930,42, Private, HS-grad,9, Divorced, Machine-op-inspct, Not-in-family, White, Male,0,0,55, <=50K
931,19, ?, Some-college,10, Never-married, ?, Own-child, White, Female,0,0,10, <=50K
932,51, Local-gov, Preschool,1, Married-civ-spouse, Other-service, Husband, White, Male,0,0,40, <=50K
933,23, Private, HS-grad,9, Married-civ-spouse, Adm-clerical, Wife, White, Female,0,0,40, <=50K
934,37, Private, 11th,7, Married-civ-spouse, Machine-op-inspct, Husband, White, Male,3103,0,44, >50K
935,37, Private, HS-grad,9, Married-civ-spouse, Craft-repair, Husband, White, Male,0,0,99, >50K
936,47, Private, Masters,14, Never-married, Prof-specialty, Not-in-family, White, Female,0,0,25, <=50K
937,41, Private, Prof-school,15, Married-civ-spouse, Prof-specialty, Husband, White, Male,0,2415,40, >50K
938,33, Private, HS-grad,9, Married-civ-spouse, Craft-repair, Husband, White, Male,0,0,30, <=50K
939,31, Private, Bachelors,13, Never-married, Sales, Not-in-family, White, Male,0,0,40, >50K
940,31, Private, Assoc-acdm,12, Divorced, Other-service, Unmarried, Amer-Indian-Eskimo, Female,0,0,40, <=50K
941,35, Private, HS-grad,9, Married-civ-spouse, Machine-op-inspct, Husband, Black, Male,0,0,40, <=50K
942,38, Self-emp-inc, HS-grad,9, Married-civ-spouse, Exec-managerial, Husband, White, Male,0,0,40, >50K
943,18, Private, HS-grad,9, Never-married, Other-service, Not-in-family, White, Female,0,0,45, <=50K
944,20, Private, HS-grad,9, Married-civ-spouse, Machine-op-inspct, Husband, White, Male,0,0,40, <=50K
945,54, Local-gov, Some-college,10, Divorced, Exec-managerial, Unmarried, Black, Female,0,0,35, <=50K
946,40, Private, Some-college,10, Divorced, Adm-clerical, Unmarried, White, Female,0,0,40, <=50K
947,36, Self-emp-inc, Bachelors,13, Married-civ-spouse, Exec-managerial, Wife, White, Female,0,1977,45, >50K
948,43, Private, Some-college,10, Divorced, Craft-repair, Unmarried, White, Male,0,0,35, <=50K
949,44, Self-emp-not-inc, Some-college,10, Divorced, Farming-fishing, Unmarried, White, Male,0,0,40, <=50K
950,44, State-gov, HS-grad,9, Married-civ-spouse, Prof-specialty, Wife, White, Female,0,0,40, >50K
951,43, Private, Masters,14, Married-civ-spouse, Exec-managerial, Husband, White, Male,0,0,43, >50K
952,51, Private, 7th-8th,4, Widowed, Other-service, Unmarried, Black, Female,0,0,40, <=50K
953,18, Private, HS-grad,9, Never-married, Other-service, Own-child, White, Female,0,0,20, <=50K
954,51, Private, Some-college,10, Married-civ-spouse, Exec-managerial, Husband, White, Male,0,0,40, <=50K
955,41, Private, 10th,6, Married-civ-spouse, Craft-repair, Husband, White, Male,0,0,30, <=50K
956,44, Self-emp-inc, Some-college,10, Married-civ-spouse, Sales, Husband, White, Male,0,0,70, >50K
957,33, Local-gov, 10th,6, Divorced, Transport-moving, Not-in-family, White, Male,0,0,40, <=50K
958,33, Self-emp-not-inc, Bachelors,13, Married-civ-spouse, Exec-managerial, Husband, White, Male,0,0,40, >50K
959,42, Private, Assoc-acdm,12, Married-civ-spouse, Exec-managerial, Husband, White, Male,0,0,40, >50K
960,25, Private, Some-college,10, Married-civ-spouse, Prof-specialty, Husband, White, Male,0,0,45, <=50K
961,32, Private, HS-grad,9, Divorced, Machine-op-inspct, Not-in-family, White, Female,0,0,38, <=50K
962,32, Private, Bachelors,13, Married-civ-spouse, Craft-repair, Husband, White, Male,0,0,70, <=50K
963,36, Private, 10th,6, Divorced, Exec-managerial, Unmarried, White, Female,0,0,40, <=50K
964,28, Private, HS-grad,9, Married-civ-spouse, Transport-moving, Husband, White, Male,0,0,40, <=50K
965,20, Private, HS-grad,9, Never-married, Other-service, Own-child, White, Female,0,0,20, <=50K
966,35, Self-emp-inc, Some-college,10, Married-civ-spouse, Sales, Husband, White, Male,0,0,60, >50K
967,55, Self-emp-not-inc, HS-grad,9, Married-civ-spouse, Craft-repair, Husband, White, Male,0,0,20, <=50K
968,48, Private, Bachelors,13, Married-civ-spouse, Exec-managerial, Husband, Asian-Pac-Islander, Male,0,0,40, >50K
969,36, ?, Assoc-voc,11, Widowed, ?, Not-in-family, White, Female,0,0,20, <=50K
970,34, Private, HS-grad,9, Married-civ-spouse, Craft-repair, Husband, White, Male,0,0,35, >50K
971,28, Private, Bachelors,13, Never-married, Tech-support, Not-in-family, White, Female,0,0,35, <=50K
972,67, Private, Bachelors,13, Widowed, Exec-managerial, Not-in-family, White, Male,0,2392,40, >50K
973,37, Private, HS-grad,9, Married-civ-spouse, Craft-repair, Husband, White, Male,0,0,40, <=50K
974,44, Private, HS-grad,9, Never-married, Transport-moving, Unmarried, White, Male,0,0,70, <=50K
975,25, Private, Some-college,10, Never-married, Sales, Not-in-family, White, Female,0,0,40, <=50K
976,21, Private, Some-college,10, Never-married, Exec-managerial, Not-in-family, White, Female,4101,0,40, <=50K
977,40, State-gov, Masters,14, Married-civ-spouse, Prof-specialty, Husband, White, Male,0,0,35, >50K
978,78, Private, HS-grad,9, Widowed, Other-service, Not-in-family, Black, Female,2964,0,40, <=50K
979,34, Private, HS-grad,9, Divorced, Handlers-cleaners, Own-child, White, Male,0,0,40, <=50K
980,49, Private, HS-grad,9, Never-married, Adm-clerical, Not-in-family, White, Female,0,0,44, <=50K
981,22, Private, Assoc-acdm,12, Never-married, Adm-clerical, Not-in-family, White, Female,0,0,40, <=50K
982,23, ?, HS-grad,9, Never-married, ?, Unmarried, Black, Female,0,0,40, <=50K
983,60, Self-emp-not-inc, HS-grad,9, Never-married, Farming-fishing, Unmarried, White, Male,0,0,42, <=50K
984,45, Local-gov, HS-grad,9, Widowed, Protective-serv, Not-in-family, White, Male,0,0,40, >50K
985,63, Private, Assoc-voc,11, Divorced, Other-service, Not-in-family, White, Female,0,0,20, <=50K
986,41, Private, HS-grad,9, Never-married, Craft-repair, Own-child, Black, Female,0,0,35, <=50K
987,47, Private, HS-grad,9, Divorced, Adm-clerical, Unmarried, White, Female,0,0,40, <=50K
988,44, Private, HS-grad,9, Divorced, Craft-repair, Unmarried, White, Male,0,0,40, <=50K
989,51, Private, Some-college,10, Widowed, Prof-specialty, Not-in-family, White, Female,3325,0,40, <=50K
990,46, Private, Bachelors,13, Never-married, Sales, Not-in-family, White, Male,0,1504,40, <=50K
991,41, Private, Assoc-voc,11, Married-civ-spouse, Machine-op-inspct, Husband, White, Male,0,0,40, <=50K
992,50, Self-emp-not-inc, HS-grad,9, Married-civ-spouse, Craft-repair, Husband, White, Male,0,0,30, <=50K
993,47, Private, HS-grad,9, Married-civ-spouse, Adm-clerical, Husband, White, Male,0,0,50, >50K
994,35, Private, HS-grad,9, Never-married, Exec-managerial, Not-in-family, White, Male,0,0,45, <=50K
995,56, Private, HS-grad,9, Married-civ-spouse, Exec-managerial, Husband, White, Male,0,0,55, >50K
996,45, Private, Masters,14, Divorced, Prof-specialty, Not-in-family, White, Male,0,0,45, <=50K
997,48, Federal-gov, Bachelors,13, Divorced, Exec-managerial, Unmarried, White, Male,0,0,58, >50K
998,40, Private, Some-college,10, Married-civ-spouse, Machine-op-inspct, Husband, White, Male,2580,0,40, <=50K
